phrase_original,phrase_normalized,structure,len,freq_global,doc_freq,pattern_score,in_gold,status,delta_f,f_score_after
agents,agent,NOUN,1,121,37,0.036196,True,accepted,0.0010741138560687433,0.0010741138560687433
algorithm,algorithm,PROPN,1,74,36,0.115672,True,accepted,0.0010729607547739835,0.0021470746108427268
web,web,NOUN,1,85,21,0.036196,True,accepted,0.001071809509328947,0.003218884120171674
search,search,NOUN,1,65,28,0.036196,True,accepted,0.0010706601157532596,0.004289544235924933
networks,network,NOUN,1,58,32,0.036196,True,accepted,0.0010695125700772093,0.005359056806002143
games,game,NOUN,1,82,18,0.036196,True,accepted,0.0010683668683417243,0.006427423674343867
framework,framework,NOUN,1,39,26,0.036196,True,accepted,0.0010672230065983165,0.0074946466809421835
documents,document,NOUN,1,52,17,0.036196,True,accepted,0.0010660809809090732,0.008560727661851257
design,design,NOUN,1,31,21,0.036196,True,accepted,0.001064940787346605,0.009625668449197862
events,event,NOUN,1,46,12,0.036196,True,accepted,0.0010638024219940152,0.010689470871191877
auctions,auction,NOUN,1,47,11,0.036196,True,accepted,0.001062665880944877,0.011752136752136754
bids,bid,NOUN,1,37,14,0.036196,True,accepted,0.0010615311603031832,0.012813667912439937
cost,cost,NOUN,1,30,18,0.036196,True,accepted,0.0010603982561833303,0.013874066168623267
function,function,NOUN,1,31,17,0.036196,True,accepted,0.0010592671647100677,0.014933333333333335
case,case,NOUN,1,25,20,0.036196,True,accepted,0.001058137882018478,0.015991471215351813
nodes,node,NOUN,1,34,13,0.036196,True,accepted,0.0010570104042539434,0.017048481619605756
prices,price,NOUN,1,27,14,0.036196,True,accepted,0.0010558847275720928,0.01810436634717785
experiments,experiment,NOUN,1,20,20,0.036196,True,accepted,0.0010547608481388075,0.019159127195316657
equilibrium,equilibrium,NOUN,1,28,11,0.036196,True,accepted,0.0010536387621301498,0.020212765957446806
bidders,bidder,NOUN,1,23,10,0.036196,True,accepted,0.0010525184657323508,0.021265284423179157
protocol,protocol,NOUN,1,21,11,0.036196,True,accepted,0.0010513999551417762,0.022316684378320933
constraints,constraint,NOUN,1,17,12,0.036196,True,accepted,0.001050283226564884,0.023366967604885817
context,context,NOUN,1,17,11,0.036196,True,accepted,0.0010491682762182146,0.024416135881104032
web search,web search,NOUN+NOUN,2,18,7,0.0352,True,accepted,0.001048055100328328,0.02546419098143236
payment,payment,NOUN,1,13,8,0.036196,True,accepted,0.001046943695131794,0.026511134676564154
sensor networks,sensor network,NOUN+NOUN,2,11,8,0.0352,True,accepted,0.0010458340568751667,0.02755696873343932
goals,goal,NOUN,1,14,7,0.036196,True,accepted,0.0010447261818149131,0.028601694915254234
sensor nodes,sensor node,NOUN+NOUN,2,12,6,0.0352,True,accepted,0.0010436200662174468,0.02964531498147168
gains,gain,NOUN,1,11,7,0.036196,True,accepted,0.0010425157063590103,0.03068783068783069
players,player,NOUN,1,16,4,0.036196,True,accepted,0.0010414130985257376,0.03172924378635643
index,index,NOUN,1,12,6,0.036196,True,accepted,0.0010403122390135536,0.03276955602536998
control,control,NOUN,1,11,6,0.036196,True,accepted,0.0010392131241281702,0.03380876914949815
logic,logic,NOUN,1,11,6,0.036196,True,accepted,0.001038115750185059,0.03484688489968321
feedback,feedback,NOUN,1,11,6,0.036196,True,accepted,0.0010370201135094029,0.035883905013192614
nash equilibrium,nash equilibrium,NOUN+NOUN,2,9,6,0.0352,True,accepted,0.0010359262104360778,0.03691983122362869
tree,tree,NOUN,1,9,6,0.036196,True,accepted,0.001034834037309626,0.03795466526093832
ratio,ratio,NOUN,1,9,6,0.036196,True,accepted,0.0010337435904842346,0.03898840885142255
relationships,relationship,NOUN,1,9,6,0.036196,True,accepted,0.0010326548663236249,0.04002106371774618
pagerank,pagerank,PROPN,1,11,4,0.115672,True,accepted,0.0010315678612011908,0.04105263157894737
grid,grid,PROPN,1,9,5,0.115672,True,accepted,0.0010304825714997634,0.04208311415044713
contracts,contract,NOUN,1,9,5,0.036196,True,accepted,0.0010293989936117492,0.04311251314405888
group,group,NOUN,1,8,5,0.036196,True,accepted,0.0010283171239390126,0.044140830267997894
demand,demand,NOUN,1,7,6,0.036196,True,accepted,0.0010272369588928618,0.045168067226890755
scores,score,NOUN,1,9,4,0.036196,True,accepted,0.001026158494894014,0.04619422572178477
trec,trec,PROPN,1,8,4,0.115672,True,accepted,0.0010250817283726232,0.04721930745015739
rank,rank,NOUN,1,7,5,0.036196,True,accepted,0.001024006655768149,0.04824331410592554
graph,graph,NOUN,1,8,4,0.036196,True,accepted,0.0010229332735293903,0.04926624737945493
implicit feedback,implicit feedback,ADJ+NOUN,2,6,4,0.025836,True,accepted,0.0010218615781144788,0.05028810895756941
loss,loss,NOUN,1,6,5,0.036196,True,accepted,0.001020791565990796,0.05130890052356021
core,core,NOUN,1,6,5,0.036196,True,accepted,0.0010197232336349796,0.052328623757195186
access,access,NOUN,1,6,5,0.036196,True,accepted,0.0010186565775328477,0.053347280334728034
trades,trade,NOUN,1,7,3,0.036196,True,accepted,0.001017591594179447,0.05436487192890748
wireless sensor networks,wireless sensor network,ADJ+NOUN+NOUN,3,5,4,0.024691,True,accepted,0.001016528280078935,0.055381400208986416
belief,belief,NOUN,1,5,3,0.036196,True,accepted,0.0010154666317446562,0.05639686684073107
argument,argument,NOUN,1,5,3,0.036196,True,accepted,0.0010144066456989898,0.05741127348643006
products,product,NOUN,1,5,3,0.036196,True,accepted,0.0010133483184734324,0.058424621804903494
linear program,linear program,ADJ+NOUN,2,4,3,0.025836,True,accepted,0.0010122916466084944,0.05943691345151199
sellers,seller,NOUN,1,4,3,0.036196,True,accepted,0.0010112366266537207,0.06044815007816571
bayesian game,bayesian game,ADJ+NOUN,2,4,2,0.025836,True,accepted,0.001010183255167628,0.06145833333333334
benchmarks,benchmark,NOUN,1,3,3,0.036196,True,accepted,0.0010091315287176772,0.062467464862051014
reason,reason,NOUN,1,3,3,0.036196,True,accepted,0.0010080814438803015,0.06347554630593132
map,map,NOUN,1,3,3,0.036196,True,accepted,0.0010070329972408087,0.06448257930317212
cost functions,cost function,NOUN+NOUN,2,2,2,0.0352,True,accepted,0.0010059861853933538,0.06548856548856548
web browsers,web browser,NOUN+NOUN,2,3,1,0.0352,True,accepted,0.001004941004941029,0.06649350649350651
traffic flow,traffic flow,NOUN+NOUN,2,3,1,0.0352,True,accepted,0.0010038974524955724,0.06749740394600208
global pagerank,global pagerank,ADJ+NOUN,2,3,1,0.025836,True,accepted,0.0010028555246777426,0.06850025947067982
ipt protocols,ipt protocol,PROPN+NOUN,2,2,1,0.1,True,accepted,0.001001815218116861,0.06950207468879668
mac os,mac os,PROPN+PROPN,2,2,1,0.086957,True,accepted,0.0010007765294511167,0.0705028512182478
web graph,web graph,NOUN+NOUN,2,2,1,0.0352,True,accepted,0.0009997394553273309,0.07150259067357513
cost share,cost share,NOUN+NOUN,2,2,1,0.0352,True,accepted,0.0009987039924010538,0.07250129466597618
price function,price function,NOUN+NOUN,2,2,1,0.0352,True,accepted,0.00099767013733644,0.07349896480331262
web object,web object,NOUN+NOUN,2,2,1,0.0352,True,accepted,0.0009966378868063591,0.07449560269011898
text search,text search,NOUN+NOUN,2,2,1,0.0352,True,accepted,0.0009956072374921882,0.07549120992761117
wireless channels,wireless channel,ADJ+NOUN,2,2,1,0.025836,True,accepted,0.000994578186083922,0.0764857881136951
local lag,local lag,ADJ+NOUN,2,2,1,0.025836,True,accepted,0.0009935507292801043,0.0774793388429752
mean error,mean error,ADJ+NOUN,2,2,1,0.025836,True,accepted,0.0009925248637878276,0.07847186370676303
local domain,local domain,ADJ+NOUN,2,2,1,0.025836,True,accepted,0.0009915005863226356,0.07946336429308566
visual arts,visual art,ADJ+NOUN,2,2,1,0.025836,True,accepted,0.0009904778936085101,0.08045384218669417
weak rankers,weak ranker,ADJ+NOUN,2,2,1,0.025836,True,accepted,0.0009894567823779815,0.08144329896907215
xor bids,xor bid,PROPN+NOUN,2,1,1,0.1,True,accepted,0.0009884372493719346,0.08243173621844409
market effects,market effect,NOUN+NOUN,2,1,1,0.0352,True,accepted,0.0009874192913396362,0.08341915550978372
video playback,video playback,NOUN+NOUN,2,1,1,0.0352,True,accepted,0.0009864029050387219,0.08440555841482245
demand games,demand game,NOUN+NOUN,2,1,1,0.0352,True,accepted,0.0009853880872351811,0.08539094650205763
event channels,event channel,NOUN+NOUN,2,1,1,0.0352,True,accepted,0.0009843748347033027,0.08637532133676093
contact traces,contact trace,NOUN+NOUN,2,1,1,0.0352,True,accepted,0.0009833631442257157,0.08735868448098665
sensor fusion,sensor fusion,NOUN+NOUN,2,1,1,0.0352,True,accepted,0.0009823530125932234,0.08834103749357987
weapon type,weapon type,NOUN+NOUN,2,1,1,0.0352,True,accepted,0.0009813444366049417,0.08932238193018481
rf spectrum,rf spectrum,NOUN+NOUN,2,1,1,0.0352,True,accepted,0.000980337413068147,0.09030271934325296
logic program,logic program,NOUN+NOUN,2,1,1,0.0352,True,accepted,0.0009793319387983168,0.09128205128205127
signal tree,signal tree,NOUN+NOUN,2,1,1,0.0352,True,accepted,0.0009783280106191589,0.09226037929267043
thin client,thin client,ADJ+NOUN,2,1,1,0.025836,True,accepted,0.0009773256253623602,0.0932377049180328
smart sensors,smart sensor,ADJ+NOUN,2,1,1,0.025836,True,accepted,0.0009763247798678654,0.09421402969790066
convex domain,convex domain,ADJ+NOUN,2,1,1,0.025836,True,accepted,0.0009753254709836678,0.09518935516888433
social network,social network,ADJ+NOUN,2,1,1,0.025836,True,accepted,0.0009743276955658103,0.09616368286445014
visual descriptors,visual descriptor,ADJ+NOUN,2,1,1,0.025836,True,accepted,0.0009733314504782875,0.09713701431492842
deep web,deep web,ADJ+NOUN,2,1,1,0.025836,True,accepted,0.0009723367325932819,0.0981093510475217
uncertain domains,uncertain domain,ADJ+NOUN,2,1,1,0.025836,True,accepted,0.0009713435387908448,0.09908069458631255
normal form games,normal form game,ADJ+NOUN+NOUN,3,1,1,0.024691,True,accepted,0.0009703518659590071,0.10005104645227156
mutual bid bonds,mutual bid bond,ADJ+NOUN+NOUN,3,1,1,0.024691,True,accepted,0.000969361710993738,0.1010204081632653
local pda web browsers,local pda web browser,ADJ+NOUN+NOUN+NOUN,4,1,1,0.033333,True,accepted,0.0009683730707989724,0.10198878123406427
queries,query,NOUN,1,95,24,0.036196,False,rejected,-1.1518640616109063e-06,
mechanisms,mechanism,NOUN,1,51,21,0.036196,False,rejected,-3.4408049648512393e-06,
retrieval,retrieval,NOUN,1,46,21,0.036196,False,rejected,-3.4408049648512393e-06,
solution,solution,NOUN,1,43,23,0.036196,False,rejected,-3.4408049648512393e-06,
strategy,strategy,NOUN,1,52,17,0.036196,False,rejected,-4.009976822332353e-06,
techniques,technique,NOUN,1,35,27,0.036196,False,rejected,-4.577929230935654e-06,
application,application,NOUN,1,38,23,0.036196,False,rejected,-4.577929230935654e-06,
environments,environment,NOUN,1,37,21,0.036196,False,rejected,-4.577929230935654e-06,
set,set,NOUN,1,32,24,0.036196,False,rejected,-4.577929230935654e-06,
number,number,NOUN,1,30,26,0.036196,False,rejected,-4.577929230935654e-06,
resources,resource,NOUN,1,44,15,0.036196,False,rejected,-4.577929230935654e-06,
value,value,NOUN,1,37,19,0.036196,False,rejected,-4.577929230935654e-06,
structure,structure,NOUN,1,31,19,0.036196,False,rejected,-6.2744990668144734e-06,
domains,domain,NOUN,1,35,16,0.036196,False,rejected,-6.2744990668144734e-06,
order,order,NOUN,1,26,22,0.036196,False,rejected,-6.837602941537832e-06,
interactions,interaction,NOUN,1,32,15,0.036196,False,rejected,-7.960199004975257e-06,
evaluation,evaluation,NOUN,1,24,20,0.036196,False,rejected,-9.077998732485298e-06,
issue,issue,NOUN,1,27,17,0.036196,False,rejected,-9.077998732485298e-06,
tasks,task,NOUN,1,23,21,0.036196,False,rejected,-9.077998732485298e-06,
service,service,NOUN,1,36,11,0.036196,False,rejected,-9.077998732485298e-06,
setting,setting,NOUN,1,26,17,0.036196,False,rejected,-9.077998732485298e-06,
sensor,sensor,NOUN,1,39,9,0.036196,False,rejected,-9.077998732485298e-06,
features,feature,NOUN,1,24,17,0.036196,False,rejected,-9.077998732485298e-06,
decision,decision,NOUN,1,22,19,0.036196,False,rejected,-9.077998732485298e-06,
processes,process,NOUN,1,23,17,0.036196,False,rejected,-9.635107156562295e-06,
accuracy,accuracy,NOUN,1,23,15,0.036196,False,rejected,-1.019102510389086e-05,
negotiation,negotiation,NOUN,1,29,10,0.036196,False,rejected,-1.074575542660619e-05,
pages,page,NOUN,1,29,10,0.036196,False,rejected,-1.074575542660619e-05,
work,work,NOUN,1,19,17,0.036196,False,rejected,-1.074575542660619e-05,
collection,collection,NOUN,1,21,14,0.036196,False,rejected,-1.074575542660619e-05,
size,size,NOUN,1,19,15,0.036196,False,rejected,-1.074575542660619e-05,
text,text,NOUN,1,22,12,0.036196,False,rejected,-1.074575542660619e-05,
approaches,approach,NOUN,1,17,17,0.036196,False,rejected,-1.074575542660619e-05,
state,state,NOUN,1,18,15,0.036196,False,rejected,-1.074575542660619e-05,
communication,communication,NOUN,1,23,10,0.036196,False,rejected,-1.129930096874232e-05,
management,management,NOUN,1,20,12,0.036196,False,rejected,-1.129930096874232e-05,
scale,scale,NOUN,1,18,13,0.036196,False,rejected,-1.185166456628764e-05,
simulations,simulation,NOUN,1,17,14,0.036196,False,rejected,-1.185166456628764e-05,
architectures,architecture,NOUN,1,20,11,0.036196,False,rejected,-1.185166456628764e-05,
action,action,NOUN,1,21,10,0.036196,False,rejected,-1.185166456628764e-05,
utilities,utility,NOUN,1,17,13,0.036196,False,rejected,-1.185166456628764e-05,
properties,property,NOUN,1,17,13,0.036196,False,rejected,-1.185166456628764e-05,
terms,term,NOUN,1,20,10,0.036196,False,rejected,-1.185166456628764e-05,
markets,market,NOUN,1,23,8,0.036196,False,rejected,-1.185166456628764e-05,
topic,topic,NOUN,1,21,9,0.036196,False,rejected,-1.185166456628764e-05,
ad,ad,NOUN,1,25,7,0.036196,False,rejected,-1.185166456628764e-05,
rule,rule,NOUN,1,18,11,0.036196,False,rejected,-1.240284904717795e-05,
content,content,NOUN,1,20,9,0.036196,False,rejected,-1.240284904717795e-05,
measure,measure,NOUN,1,20,9,0.036196,False,rejected,-1.240284904717795e-05,
concepts,concept,NOUN,1,17,11,0.036196,False,rejected,-1.240284904717795e-05,
complexity,complexity,NOUN,1,18,10,0.036196,False,rejected,-1.2952857231351977e-05,
form,form,NOUN,1,14,14,0.036196,False,rejected,-1.2952857231351977e-05,
predictions,prediction,NOUN,1,21,8,0.036196,False,rejected,-1.2952857231351977e-05,
preference,preference,NOUN,1,19,9,0.036196,False,rejected,-1.2952857231351977e-05,
server,server,NOUN,1,19,9,0.036196,False,rejected,-1.2952857231351977e-05,
types,type,NOUN,1,16,11,0.036196,False,rejected,-1.2952857231351977e-05,
art,art,NOUN,1,15,12,0.036196,False,rejected,-1.2952857231351977e-05,
effectiveness,effectiveness,NOUN,1,15,12,0.036196,False,rejected,-1.2952857231351977e-05,
language,language,NOUN,1,17,10,0.036196,False,rejected,-1.2952857231351977e-05,
studies,study,NOUN,1,14,13,0.036196,False,rejected,-1.2952857231351977e-05,
scheme,scheme,NOUN,1,18,9,0.036196,False,rejected,-1.2952857231351977e-05,
search engines,search engine,NOUN+NOUN,2,14,10,0.0352,False,rejected,-1.2952857231351977e-05,
examples,example,NOUN,1,13,13,0.036196,False,rejected,-1.3501691930768722e-05,
probability,probability,NOUN,1,17,9,0.036196,False,rejected,-1.3501691930768722e-05,
improvements,improvement,NOUN,1,14,11,0.036196,False,rejected,-1.3501691930768722e-05,
space,space,NOUN,1,14,11,0.036196,False,rejected,-1.3501691930768722e-05,
qualities,quality,NOUN,1,15,10,0.036196,False,rejected,-1.3501691930768722e-05,
machine,machine,NOUN,1,15,10,0.036196,False,rejected,-1.3501691930768722e-05,
test,test,NOUN,1,15,10,0.036196,False,rejected,-1.3501691930768722e-05,
world,world,NOUN,1,16,9,0.036196,False,rejected,-1.3501691930768722e-05,
engines,engine,NOUN,1,14,10,0.036196,False,rejected,-1.3501691930768722e-05,
conditions,condition,NOUN,1,13,11,0.036196,False,rejected,-1.3501691930768722e-05,
web pages,web page,NOUN+NOUN,2,15,7,0.0352,False,rejected,-1.3501691930768722e-05,
end,end,NOUN,1,16,8,0.036196,False,rejected,-1.3501691930768722e-05,
computation,computation,NOUN,1,14,9,0.036196,False,rejected,-1.3501691930768722e-05,
item,item,NOUN,1,15,8,0.036196,False,rejected,-1.3501691930768722e-05,
behavior,behavior,NOUN,1,13,9,0.036196,False,rejected,-1.3501691930768722e-05,
distribution,distribution,NOUN,1,13,9,0.036196,False,rejected,-1.3501691930768722e-05,
class,class,NOUN,1,12,10,0.036196,False,rejected,-1.3501691930768722e-05,
range,range,NOUN,1,12,10,0.036196,False,rejected,-1.3501691930768722e-05,
detection,detection,NOUN,1,12,10,0.036196,False,rejected,-1.3501691930768722e-05,
allocation,allocation,NOUN,1,14,8,0.036196,False,rejected,-1.3501691930768722e-05,
research,research,NOUN,1,11,11,0.036196,False,rejected,-1.3501691930768722e-05,
word,word,NOUN,1,15,7,0.036196,False,rejected,-1.3501691930768722e-05,
attributes,attribute,NOUN,1,18,5,0.036196,False,rejected,-1.3501691930768722e-05,
energy,energy,NOUN,1,18,5,0.036196,False,rejected,-1.3501691930768722e-05,
precision,precision,NOUN,1,13,8,0.036196,False,rejected,-1.3501691930768722e-05,
effects,effect,NOUN,1,11,10,0.036196,False,rejected,-1.4049355949421333e-05,
revenue,revenue,NOUN,1,14,7,0.036196,False,rejected,-1.459585208338568e-05,
knowledge,knowledge,NOUN,1,12,8,0.036196,False,rejected,-1.5141183120827295e-05,
learning,learning,NOUN,1,12,8,0.036196,False,rejected,-1.5141183120827295e-05,
factors,factor,NOUN,1,11,9,0.036196,False,rejected,-1.5141183120827295e-05,
link,link,NOUN,1,13,7,0.036196,False,rejected,-1.5141183120827295e-05,
location,location,NOUN,1,13,7,0.036196,False,rejected,-1.5141183120827295e-05,
np,np,NOUN,1,13,7,0.036196,False,rejected,-1.5141183120827295e-05,
addition,addition,NOUN,1,10,10,0.036196,False,rejected,-1.5141183120827295e-05,
requirements,requirement,NOUN,1,10,10,0.036196,False,rejected,-1.5141183120827295e-05,
combination,combination,NOUN,1,11,8,0.036196,False,rejected,-1.5685351842049944e-05,
computing,computing,NOUN,1,11,8,0.036196,False,rejected,-1.5685351842049944e-05,
relevance,relevance,NOUN,1,11,8,0.036196,False,rejected,-1.5685351842049944e-05,
benefits,benefit,NOUN,1,10,9,0.036196,False,rejected,-1.5685351842049944e-05,
area,area,NOUN,1,10,9,0.036196,False,rejected,-1.5685351842049944e-05,
devices,device,NOUN,1,10,9,0.036196,False,rejected,-1.5685351842049944e-05,
client,client,NOUN,1,15,5,0.036196,False,rejected,-1.5685351842049944e-05,
representations,representation,NOUN,1,13,6,0.036196,False,rejected,-1.5685351842049944e-05,
efficiency,efficiency,NOUN,1,11,7,0.036196,False,rejected,-1.5685351842049944e-05,
ranking,ranking,NOUN,1,11,7,0.036196,False,rejected,-1.6228361019478277e-05,
parties,party,NOUN,1,16,4,0.036196,False,rejected,-1.6228361019478277e-05,
level,level,NOUN,1,9,9,0.036196,False,rejected,-1.6770213417741098e-05,
policy,policy,NOUN,1,12,6,0.036196,False,rejected,-1.6770213417741098e-05,
parameters,parameter,NOUN,1,10,7,0.036196,False,rejected,-1.7310911793654016e-05,
interest,interest,NOUN,1,9,8,0.036196,False,rejected,-1.7310911793654016e-05,
advantage,advantage,NOUN,1,9,8,0.036196,False,rejected,-1.7310911793654016e-05,
theories,theory,NOUN,1,9,8,0.036196,False,rejected,-1.7310911793654016e-05,
way,way,NOUN,1,9,8,0.036196,False,rejected,-1.7310911793654016e-05,
contributions,contribution,NOUN,1,9,8,0.036196,False,rejected,-1.7310911793654016e-05,
scenarios,scenario,NOUN,1,9,8,0.036196,False,rejected,-1.7310911793654016e-05,
messages,message,NOUN,1,11,6,0.036196,False,rejected,-1.78504588962472e-05,
mechanism design,mechanism design,NOUN+NOUN,2,10,5,0.0352,False,rejected,-1.9462219938655434e-05,
situations,situation,NOUN,1,9,7,0.036196,False,rejected,-1.9462219938655434e-05,
implementation,implementation,NOUN,1,9,7,0.036196,False,rejected,-1.9462219938655434e-05,
matching,matching,NOUN,1,9,7,0.036196,False,rejected,-1.9462219938655434e-05,
bound,bound,NOUN,1,9,7,0.036196,False,rejected,-1.9462219938655434e-05,
selection,selection,NOUN,1,10,6,0.036196,False,rejected,-1.9462219938655434e-05,
components,component,NOUN,1,13,4,0.036196,False,rejected,-1.9462219938655434e-05,
basis,basis,NOUN,1,8,8,0.036196,False,rejected,-1.9462219938655434e-05,
assumption,assumption,NOUN,1,8,8,0.036196,False,rejected,-1.9462219938655434e-05,
incentive,incentive,NOUN,1,8,8,0.036196,False,rejected,-1.9462219938655434e-05,
correlations,correlation,NOUN,1,15,3,0.036196,False,rejected,-1.9462219938655434e-05,
combinatorial auctions,combinatorial auction,ADJ+NOUN,2,9,5,0.025836,False,rejected,-1.9462219938655434e-05,
modeling,modeling,NOUN,1,9,6,0.036196,False,rejected,-1.9462219938655434e-05,
programming,programming,NOUN,1,9,6,0.036196,False,rejected,-1.9462219938655434e-05,
self,self,NOUN,1,8,7,0.036196,False,rejected,-2.1063717746183652e-05,
pair,pair,NOUN,1,8,7,0.036196,False,rejected,-2.1063717746183652e-05,
experience,experience,NOUN,1,8,7,0.036196,False,rejected,-2.1063717746183652e-05,
processing,processing,NOUN,1,8,7,0.036196,False,rejected,-2.1063717746183652e-05,
outcomes,outcome,NOUN,1,10,5,0.036196,False,rejected,-2.1595282261414883e-05,
sites,site,NOUN,1,10,5,0.036196,False,rejected,-2.1595282261414883e-05,
aggregation,aggregation,NOUN,1,10,5,0.036196,False,rejected,-2.1595282261414883e-05,
traffic,traffic,NOUN,1,11,4,0.036196,False,rejected,-2.2125717218955676e-05,
proxy,proxy,NOUN,1,13,3,0.036196,False,rejected,-2.2125717218955676e-05,
bidding,bidding,NOUN,1,8,6,0.036196,False,rejected,-2.2125717218955676e-05,
volume,volume,NOUN,1,8,6,0.036196,False,rejected,-2.2125717218955676e-05,
degree,degree,NOUN,1,8,6,0.036196,False,rejected,-2.2125717218955676e-05,
characteristics,characteristic,NOUN,1,8,6,0.036196,False,rejected,-2.2125717218955676e-05,
challenge,challenge,NOUN,1,8,6,0.036196,False,rejected,-2.2125717218955676e-05,
agent interaction,agent interaction,ADJ+NOUN,2,9,4,0.025836,False,rejected,-2.2125717218955676e-05,
points,point,NOUN,1,9,5,0.036196,False,rejected,-2.2125717218955676e-05,
reward,reward,NOUN,1,9,5,0.036196,False,rejected,-2.2125717218955676e-05,
exchange,exchange,NOUN,1,9,5,0.036196,False,rejected,-2.265502529902319e-05,
databases,database,NOUN,1,9,5,0.036196,False,rejected,-2.265502529902319e-05,
middleware,middleware,NOUN,1,9,5,0.036196,False,rejected,-2.265502529902319e-05,
ontology,ontology,NOUN,1,9,5,0.036196,False,rejected,-2.265502529902319e-05,
filtering,filtering,NOUN,1,9,5,0.036196,False,rejected,-2.265502529902319e-05,
extension,extension,NOUN,1,7,7,0.036196,False,rejected,-2.265502529902319e-05,
semantics,semantic,NOUN,1,7,7,0.036196,False,rejected,-2.265502529902319e-05,
insight,insight,NOUN,1,7,7,0.036196,False,rejected,-2.265502529902319e-05,
lack,lack,NOUN,1,7,7,0.036196,False,rejected,-2.265502529902319e-05,
today,today,NOUN,1,7,7,0.036196,False,rejected,-2.265502529902319e-05,
multiagent,multiagent,NOUN,1,7,7,0.036196,False,rejected,-2.265502529902319e-05,
peer,peer,NOUN,1,10,4,0.036196,False,rejected,-2.265502529902319e-05,
recommendation,recommendation,NOUN,1,10,4,0.036196,False,rejected,-2.265502529902319e-05,
jobs,job,NOUN,1,12,3,0.036196,False,rejected,-2.265502529902319e-05,
latency,latency,PROPN,1,8,5,0.115672,False,rejected,-2.265502529902319e-05,
programs,program,NOUN,1,8,5,0.036196,False,rejected,-2.265502529902319e-05,
support,support,NOUN,1,8,5,0.036196,False,rejected,-2.265502529902319e-05,
dependencies,dependency,NOUN,1,8,5,0.036196,False,rejected,-2.3183209174368336e-05,
center,center,NOUN,1,8,5,0.036196,False,rejected,-2.3183209174368336e-05,
classification,classification,NOUN,1,8,5,0.036196,False,rejected,-2.3183209174368336e-05,
variety,variety,NOUN,1,7,6,0.036196,False,rejected,-2.3183209174368336e-05,
literature,literature,NOUN,1,7,6,0.036196,False,rejected,-2.3183209174368336e-05,
notion,notion,NOUN,1,7,6,0.036196,False,rejected,-2.3183209174368336e-05,
optimization,optimization,NOUN,1,7,6,0.036196,False,rejected,-2.3183209174368336e-05,
limitations,limitation,NOUN,1,7,6,0.036196,False,rejected,-2.3183209174368336e-05,
need,need,NOUN,1,7,6,0.036196,False,rejected,-2.3710271510185565e-05,
technologies,technology,NOUN,1,7,6,0.036196,False,rejected,-2.3710271510185565e-05,
estimates,estimate,NOUN,1,9,4,0.036196,False,rejected,-2.3710271510185565e-05,
shapley value,shapley value,NOUN+NOUN,2,7,4,0.0352,False,rejected,-2.4761042186752236e-05,
computational complexity,computational complexity,ADJ+NOUN,2,6,5,0.025836,False,rejected,-2.4761042186752236e-05,
limit,limit,NOUN,1,7,5,0.036196,False,rejected,-2.4761042186752236e-05,
building,building,NOUN,1,7,5,0.036196,False,rejected,-2.4761042186752236e-05,
availability,availability,NOUN,1,7,5,0.036196,False,rejected,-2.528475582071893e-05,
interface,interface,NOUN,1,7,5,0.036196,False,rejected,-2.528475582071893e-05,
coordination,coordination,NOUN,1,6,6,0.036196,False,rejected,-2.528475582071893e-05,
procedure,procedure,NOUN,1,6,6,0.036196,False,rejected,-2.528475582071893e-05,
ideas,idea,NOUN,1,6,6,0.036196,False,rejected,-2.528475582071893e-05,
relation,relation,NOUN,1,6,6,0.036196,False,rejected,-2.528475582071893e-05,
change,change,NOUN,1,6,6,0.036196,False,rejected,-2.528475582071893e-05,
error,error,NOUN,1,8,4,0.036196,False,rejected,-2.528475582071893e-05,
instances,instance,NOUN,1,8,4,0.036196,False,rejected,-2.528475582071893e-05,
argumentation,argumentation,NOUN,1,8,4,0.036196,False,rejected,-2.528475582071893e-05,
scheduling,scheduling,NOUN,1,8,4,0.036196,False,rejected,-2.580735850155058e-05,
fairness,fairness,NOUN,1,8,4,0.036196,False,rejected,-2.580735850155058e-05,
storage,storage,NOUN,1,8,4,0.036196,False,rejected,-2.580735850155058e-05,
offers,offer,NOUN,1,9,3,0.036196,False,rejected,-2.580735850155058e-05,
failures,failure,NOUN,1,9,3,0.036196,False,rejected,-2.580735850155058e-05,
wireless sensor,wireless sensor,ADJ+NOUN,2,6,4,0.025836,False,rejected,-2.6328852857367135e-05,
markov,markov,NOUN,1,6,5,0.036196,False,rejected,-2.6328852857367135e-05,
dynamics,dynamic,NOUN,1,6,5,0.036196,False,rejected,-2.7368527069665527e-05,
agreement,agreement,NOUN,1,6,5,0.036196,False,rejected,-2.7368527069665527e-05,
communities,community,NOUN,1,6,5,0.036196,False,rejected,-2.7368527069665527e-05,
power,power,NOUN,1,6,5,0.036196,False,rejected,-2.788671214570826e-05,
response,response,NOUN,1,6,5,0.036196,False,rejected,-2.788671214570826e-05,
source,source,NOUN,1,6,5,0.036196,False,rejected,-2.788671214570826e-05,
version,version,NOUN,1,6,5,0.036196,False,rejected,-2.788671214570826e-05,
shapley,shapley,NOUN,1,7,4,0.036196,False,rejected,-2.788671214570826e-05,
role,role,NOUN,1,7,4,0.036196,False,rejected,-2.788671214570826e-05,
hypothesis,hypothesis,NOUN,1,7,4,0.036196,False,rejected,-2.788671214570826e-05,
ability,ability,NOUN,1,7,4,0.036196,False,rejected,-2.788671214570826e-05,
adaptive,adaptive,NOUN,1,7,4,0.036196,False,rejected,-2.788671214570826e-05,
sender,sender,NOUN,1,7,4,0.036196,False,rejected,-2.788671214570826e-05,
provider,provider,NOUN,1,7,4,0.036196,False,rejected,-2.788671214570826e-05,
markov decision,markov decision,NOUN+NOUN,2,5,5,0.0352,False,rejected,-2.788671214570826e-05,
web sites,web site,NOUN+NOUN,2,7,3,0.0352,False,rejected,-2.788671214570826e-05,
pure strategy,pure strategy,ADJ+NOUN,2,7,3,0.025836,False,rejected,-2.788671214570826e-05,
commitment,commitment,NOUN,1,8,3,0.036196,False,rejected,-2.788671214570826e-05,
congestion,congestion,NOUN,1,8,3,0.036196,False,rejected,-2.788671214570826e-05,
authority,authority,NOUN,1,8,3,0.036196,False,rejected,-2.788671214570826e-05,
spam,spam,NOUN,1,8,3,0.036196,False,rejected,-2.788671214570826e-05,
cooperation,cooperation,NOUN,1,6,4,0.036196,False,rejected,-2.788671214570826e-05,
vector,vector,NOUN,1,6,4,0.036196,False,rejected,-2.788671214570826e-05,
interpretation,interpretation,NOUN,1,6,4,0.036196,False,rejected,-2.788671214570826e-05,
video,video,NOUN,1,6,4,0.036196,False,rejected,-2.788671214570826e-05,
keywords,keyword,NOUN,1,6,4,0.036196,False,rejected,-2.788671214570826e-05,
hierarchies,hierarchy,NOUN,1,6,4,0.036196,False,rejected,-2.788671214570826e-05,
integration,integration,NOUN,1,6,4,0.036196,False,rejected,-2.788671214570826e-05,
average precision,average precision,ADJ+NOUN,2,5,4,0.025836,False,rejected,-2.788671214570826e-05,
magnitude,magnitude,NOUN,1,5,5,0.036196,False,rejected,-2.788671214570826e-05,
evolution,evolution,NOUN,1,5,5,0.036196,False,rejected,-2.788671214570826e-05,
tools,tool,NOUN,1,5,5,0.036196,False,rejected,-2.788671214570826e-05,
capabilities,capability,NOUN,1,5,5,0.036196,False,rejected,-2.788671214570826e-05,
respect,respect,NOUN,1,5,5,0.036196,False,rejected,-2.788671214570826e-05,
reports,report,NOUN,1,5,5,0.036196,False,rejected,-2.788671214570826e-05,
resolution,resolution,NOUN,1,5,5,0.036196,False,rejected,-2.788671214570826e-05,
people,people,NOUN,1,5,5,0.036196,False,rejected,-2.788671214570826e-05,
reputation,reputation,NOUN,1,7,3,0.036196,False,rejected,-2.788671214570826e-05,
path,path,NOUN,1,7,3,0.036196,False,rejected,-2.788671214570826e-05,
flow,flow,NOUN,1,7,3,0.036196,False,rejected,-2.788671214570826e-05,
indexing,indexing,NOUN,1,7,3,0.036196,False,rejected,-2.788671214570826e-05,
traders,trader,NOUN,1,7,3,0.036196,False,rejected,-2.788671214570826e-05,
advertising,advertising,NOUN,1,7,3,0.036196,False,rejected,-2.788671214570826e-05,
receiver,receiver,NOUN,1,7,3,0.036196,False,rejected,-2.8403799335899316e-05,
pomdps,pomdps,PROPN,1,6,3,0.115672,False,rejected,-2.891979123185312e-05,
difference,difference,NOUN,1,5,4,0.036196,False,rejected,-2.891979123185312e-05,
metrics,metric,NOUN,1,5,4,0.036196,False,rejected,-2.891979123185312e-05,
generation,generation,NOUN,1,5,4,0.036196,False,rejected,-2.891979123185312e-05,
activities,activity,NOUN,1,5,4,0.036196,False,rejected,-2.891979123185312e-05,
recall,recall,NOUN,1,5,4,0.036196,False,rejected,-2.891979123185312e-05,
choice,choice,NOUN,1,5,4,0.036196,False,rejected,-2.891979123185312e-05,
motes,mote,NOUN,1,5,4,0.036196,False,rejected,-2.891979123185312e-05,
security,security,NOUN,1,5,4,0.036196,False,rejected,-2.891979123185312e-05,
deployment,deployment,NOUN,1,5,4,0.036196,False,rejected,-2.891979123185312e-05,
robustness,robustness,NOUN,1,5,4,0.036196,False,rejected,-2.891979123185312e-05,
computer,computer,NOUN,1,6,3,0.036196,False,rejected,-2.891979123185312e-05,
training,training,NOUN,1,6,3,0.036196,False,rejected,-2.891979123185312e-05,
consumers,consumer,NOUN,1,6,3,0.036196,False,rejected,-2.891979123185312e-05,
position,position,NOUN,1,6,3,0.036196,False,rejected,-2.891979123185312e-05,
expansion,expansion,NOUN,1,6,3,0.036196,False,rejected,-2.891979123185312e-05,
judgments,judgment,NOUN,1,6,3,0.036196,False,rejected,-2.891979123185312e-05,
output,output,NOUN,1,6,3,0.036196,False,rejected,-2.891979123185312e-05,
fusion,fusion,NOUN,1,6,3,0.036196,False,rejected,-2.891979123185312e-05,
building block,building block,NOUN+NOUN,2,5,3,0.0352,False,rejected,-2.891979123185312e-05,
relevant documents,relevant document,ADJ+NOUN,2,5,3,0.025836,False,rejected,-2.891979123185312e-05,
decision processes,decision process,NOUN+NOUN,2,4,4,0.0352,False,rejected,-2.891979123185312e-05,
test collection,test collection,NOUN+NOUN,2,4,4,0.0352,False,rejected,-2.891979123185312e-05,
small number,small number,ADJ+NOUN,2,4,4,0.025836,False,rejected,-2.891979123185312e-05,
mixed strategy,mixed strategy,ADJ+NOUN,2,6,2,0.025836,False,rejected,-2.891979123185312e-05,
matrix,matrix,NOUN,1,5,3,0.036196,False,rejected,-2.891979123185312e-05,
methodologies,methodology,NOUN,1,5,3,0.036196,False,rejected,-2.9434690417926013e-05,
abstractions,abstraction,NOUN,1,5,3,0.036196,False,rejected,-2.9434690417926013e-05,
software,software,NOUN,1,5,3,0.036196,False,rejected,-2.9434690417926013e-05,
block,block,NOUN,1,5,3,0.036196,False,rejected,-2.9434690417926013e-05,
balance,balance,NOUN,1,5,3,0.036196,False,rejected,-2.9948499471264822e-05,
dissemination,dissemination,NOUN,1,5,3,0.036196,False,rejected,-2.9948499471264822e-05,
monitoring,monitoring,NOUN,1,5,3,0.036196,False,rejected,-3.0461220961890134e-05,
consistency,consistency,NOUN,1,5,3,0.036196,False,rejected,-3.0461220961890134e-05,
estimation,estimation,NOUN,1,5,3,0.036196,False,rejected,-3.0461220961890134e-05,
family,family,NOUN,1,5,3,0.036196,False,rejected,-3.0461220961890134e-05,
view,view,NOUN,1,5,3,0.036196,False,rejected,-3.0461220961890134e-05,
budget,budget,NOUN,1,5,3,0.036196,False,rejected,-3.0461220961890134e-05,
classifiers,classifier,NOUN,1,5,3,0.036196,False,rejected,-3.0461220961890134e-05,
industry,industry,NOUN,1,5,3,0.036196,False,rejected,-3.0461220961890134e-05,
assignment,assignment,NOUN,1,5,3,0.036196,False,rejected,-3.0461220961890134e-05,
requests,request,NOUN,1,5,3,0.036196,False,rejected,-3.0461220961890134e-05,
efforts,effort,NOUN,1,4,4,0.036196,False,rejected,-3.0461220961890134e-05,
propagation,propagation,NOUN,1,4,4,0.036196,False,rejected,-3.0461220961890134e-05,
tradeoffs,tradeoff,NOUN,1,4,4,0.036196,False,rejected,-3.0461220961890134e-05,
criteria,criterion,NOUN,1,4,4,0.036196,False,rejected,-3.0461220961890134e-05,
operations,operation,NOUN,1,4,4,0.036196,False,rejected,-3.0461220961890134e-05,
novel,novel,NOUN,1,4,4,0.036196,False,rejected,-3.0461220961890134e-05,
perspective,perspective,NOUN,1,4,4,0.036196,False,rejected,-3.0461220961890134e-05,
opportunities,opportunity,NOUN,1,4,4,0.036196,False,rejected,-3.0461220961890134e-05,
purposes,purpose,NOUN,1,4,4,0.036196,False,rejected,-3.0461220961890134e-05,
findings,finding,NOUN,1,4,4,0.036196,False,rejected,-3.0461220961890134e-05,
manner,manner,NOUN,1,4,4,0.036196,False,rejected,-3.0461220961890134e-05,
subject,subject,NOUN,1,4,4,0.036196,False,rejected,-3.0461220961890134e-05,
aspects,aspect,NOUN,1,4,4,0.036196,False,rejected,-3.0461220961890134e-05,
subset,subset,NOUN,1,4,4,0.036196,False,rejected,-3.0461220961890134e-05,
times,time,NOUN,1,4,4,0.036196,False,rejected,-3.0461220961890134e-05,
hand,hand,NOUN,1,4,4,0.036196,False,rejected,-3.0461220961890134e-05,
overhead,overhead,NOUN,1,4,4,0.036196,False,rejected,-3.0461220961890134e-05,
logs,log,NOUN,1,4,4,0.036196,False,rejected,-3.0461220961890134e-05,
equilibrium strategies,equilibrium strategy,NOUN+NOUN,2,4,3,0.0352,False,rejected,-3.0461220961890134e-05,
interaction mechanisms,interaction mechanism,NOUN+NOUN,2,4,3,0.0352,False,rejected,-3.0461220961890134e-05,
service provider,service provider,NOUN+NOUN,2,4,3,0.0352,False,rejected,-3.0461220961890134e-05,
game theory,game theory,NOUN+NOUN,2,4,3,0.0352,False,rejected,-3.0461220961890134e-05,
broad range,broad range,ADJ+NOUN,2,4,3,0.025836,False,rejected,-3.097285745257833e-05,
mobile ad,mobile ad,ADJ+NOUN,2,4,3,0.025836,False,rejected,-3.097285745257833e-05,
game playing,game playing,NOUN+NOUN,2,5,2,0.0352,False,rejected,-3.097285745257833e-05,
query terms,query term,NOUN+NOUN,2,5,2,0.0352,False,rejected,-3.097285745257833e-05,
test set,test set,NOUN+NOUN,2,5,2,0.0352,False,rejected,-3.097285745257833e-05,
organizational structure,organizational structure,ADJ+NOUN,2,5,2,0.025836,False,rejected,-3.097285745257833e-05,
event correlation,event correlation,NOUN+NOUN,2,7,1,0.0352,False,rejected,-3.097285745257833e-05,
optimum,optimum,NOUN,1,4,3,0.036196,False,rejected,-3.148341149904199e-05,
targets,target,NOUN,1,4,3,0.036196,False,rejected,-3.148341149904199e-05,
heuristics,heuristic,NOUN,1,4,3,0.036196,False,rejected,-3.148341149904199e-05,
infrastructure,infrastructure,NOUN,1,4,3,0.036196,False,rejected,-3.148341149904199e-05,
money,money,NOUN,1,4,3,0.036196,False,rejected,-3.148341149904199e-05,
variant,variant,NOUN,1,4,3,0.036196,False,rejected,-3.148341149904199e-05,
layer,layer,NOUN,1,4,3,0.036196,False,rejected,-3.148341149904199e-05,
similarities,similarity,NOUN,1,4,3,0.036196,False,rejected,-3.148341149904199e-05,
load,load,NOUN,1,4,3,0.036196,False,rejected,-3.148341149904199e-05,
nash,nash,NOUN,1,4,3,0.036196,False,rejected,-3.148341149904199e-05,
risks,risk,NOUN,1,4,3,0.036196,False,rejected,-3.148341149904199e-05,
periods,period,NOUN,1,4,3,0.036196,False,rejected,-3.148341149904199e-05,
designer,designer,NOUN,1,4,3,0.036196,False,rejected,-3.148341149904199e-05,
baseline,baseline,NOUN,1,4,3,0.036196,False,rejected,-3.148341149904199e-05,
welfare,welfare,NOUN,1,4,3,0.036196,False,rejected,-3.148341149904199e-05,
forums,forum,NOUN,1,4,3,0.036196,False,rejected,-3.148341149904199e-05,
mind,mind,NOUN,1,4,3,0.036196,False,rejected,-3.148341149904199e-05,
simple attributes,simple attribute,ADJ+NOUN,2,6,1,0.025836,False,rejected,-3.148341149904199e-05,
weak dominance,weak dominance,ADJ+NOUN,2,6,1,0.025836,False,rejected,-3.148341149904199e-05,
solution qualities,solution quality,NOUN+NOUN,2,4,2,0.0352,False,rejected,-3.148341149904199e-05,
programming language,programming language,NOUN+NOUN,2,4,2,0.0352,False,rejected,-3.148341149904199e-05,
query expansion,query expansion,NOUN+NOUN,2,4,2,0.0352,False,rejected,-3.148341149904199e-05,
resource management,resource management,NOUN+NOUN,2,4,2,0.0352,False,rejected,-3.148341149904199e-05,
price auction,price auction,NOUN+NOUN,2,4,2,0.0352,False,rejected,-3.148341149904199e-05,
link structure,link structure,NOUN+NOUN,2,4,2,0.0352,False,rejected,-3.148341149904199e-05,
competitive ratio,competitive ratio,ADJ+NOUN,2,4,2,0.025836,False,rejected,-3.148341149904199e-05,
specific knowledge,specific knowledge,ADJ+NOUN,2,4,2,0.025836,False,rejected,-3.148341149904199e-05,
solution concepts,solution concept,NOUN+NOUN,2,3,3,0.0352,False,rejected,-3.199288564982583e-05,
document retrieval,document retrieval,NOUN+NOUN,2,3,3,0.0352,False,rejected,-3.199288564982583e-05,
grid computing,grid computing,NOUN+NOUN,2,3,3,0.0352,False,rejected,-3.199288564982583e-05,
computing environment,computing environment,NOUN+NOUN,2,3,3,0.0352,False,rejected,-3.199288564982583e-05,
payment scheme,payment scheme,NOUN+NOUN,2,3,3,0.0352,False,rejected,-3.199288564982583e-05,
retrieval tasks,retrieval task,NOUN+NOUN,2,3,3,0.0352,False,rejected,-3.199288564982583e-05,
observable markov,observable markov,ADJ+NOUN,2,3,3,0.025836,False,rejected,-3.199288564982583e-05,
general framework,general framework,ADJ+NOUN,2,3,3,0.025836,False,rejected,-3.199288564982583e-05,
significant improvements,significant improvement,ADJ+NOUN,2,3,3,0.025836,False,rejected,-3.199288564982583e-05,
new class,new class,ADJ+NOUN,2,3,3,0.025836,False,rejected,-3.199288564982583e-05,
large number,large number,ADJ+NOUN,2,3,3,0.025836,False,rejected,-3.199288564982583e-05,
upper bound,upper bound,ADJ+NOUN,2,3,3,0.025836,False,rejected,-3.199288564982583e-05,
previous work,previous work,ADJ+NOUN,2,3,3,0.025836,False,rejected,-3.199288564982583e-05,
challenging task,challenging task,ADJ+NOUN,2,3,3,0.025836,False,rejected,-3.199288564982583e-05,
extensive simulations,extensive simulation,ADJ+NOUN,2,3,3,0.025836,False,rejected,-3.199288564982583e-05,
social welfare,social welfare,ADJ+NOUN,2,3,3,0.025836,False,rejected,-3.199288564982583e-05,
cumulative gain,cumulative gain,ADJ+NOUN,2,3,3,0.025836,False,rejected,-3.199288564982583e-05,
observable markov decision,observable markov decision,ADJ+NOUN+NOUN,3,3,3,0.024691,False,rejected,-3.199288564982583e-05,
ii,ii,PROPN,1,3,3,0.115672,False,rejected,-3.199288564982583e-05,
title extraction,title extraction,NOUN+NOUN,2,5,1,0.0352,False,rejected,-3.199288564982583e-05,
term mismatch,term mismatch,NOUN+NOUN,2,5,1,0.0352,False,rejected,-3.199288564982583e-05,
web services,web service,NOUN+NOUN,2,5,1,0.0352,False,rejected,-3.199288564982583e-05,
relevant events,relevant event,ADJ+NOUN,2,5,1,0.025836,False,rejected,-3.199288564982583e-05,
socratic game,socratic game,ADJ+NOUN,2,5,1,0.025836,False,rejected,-3.199288564982583e-05,
valuations,valuation,NOUN,1,3,3,0.036196,False,rejected,-3.199288564982583e-05,
uncertainty,uncertainty,NOUN,1,3,3,0.036196,False,rejected,-3.199288564982583e-05,
researchers,researcher,NOUN,1,3,3,0.036196,False,rejected,-3.199288564982583e-05,
opponent,opponent,NOUN,1,3,3,0.036196,False,rejected,-3.199288564982583e-05,
series,series,NOUN,1,3,3,0.036196,False,rejected,-3.199288564982583e-05,
teams,team,NOUN,1,3,3,0.036196,False,rejected,-3.199288564982583e-05,
platforms,platform,NOUN,1,3,3,0.036196,False,rejected,-3.199288564982583e-05,
execution,execution,NOUN,1,3,3,0.036196,False,rejected,-3.199288564982583e-05,
book,book,NOUN,1,3,3,0.036196,False,rejected,-3.199288564982583e-05,
project,project,NOUN,1,3,3,0.036196,False,rejected,-3.199288564982583e-05,
production,production,NOUN,1,3,3,0.036196,False,rejected,-3.199288564982583e-05,
account,account,NOUN,1,3,3,0.036196,False,rejected,-3.199288564982583e-05,
observations,observation,NOUN,1,3,3,0.036196,False,rejected,-3.199288564982583e-05,
lessons,lesson,NOUN,1,3,3,0.036196,False,rejected,-3.199288564982583e-05,
question,question,NOUN,1,3,3,0.036196,False,rejected,-3.199288564982583e-05,
objectives,objective,NOUN,1,3,3,0.036196,False,rejected,-3.199288564982583e-05,
prototype,prototype,NOUN,1,3,3,0.036196,False,rejected,-3.199288564982583e-05,
datasets,dataset,NOUN,1,3,3,0.036196,False,rejected,-3.199288564982583e-05,
reduction,reduction,NOUN,1,3,3,0.036196,False,rejected,-3.199288564982583e-05,
functionality,functionality,NOUN,1,3,3,0.036196,False,rejected,-3.2501282446445456e-05,
commerce,commerce,NOUN,1,3,3,0.036196,False,rejected,-3.2501282446445456e-05,
proximities,proximity,NOUN,1,3,3,0.036196,False,rejected,-3.2501282446445456e-05,
attention,attention,NOUN,1,3,3,0.036196,False,rejected,-3.300860442326248e-05,
composition,composition,NOUN,1,3,3,0.036196,False,rejected,-3.300860442326248e-05,
advertisement,advertisement,NOUN,1,3,3,0.036196,False,rejected,-3.300860442326248e-05,
hardware,hardware,NOUN,1,3,3,0.036196,False,rejected,-3.300860442326248e-05,
anchors,anchor,NOUN,1,3,3,0.036196,False,rejected,-3.300860442326248e-05,
entities,entity,NOUN,1,3,3,0.036196,False,rejected,-3.300860442326248e-05,
perception,perception,NOUN,1,3,3,0.036196,False,rejected,-3.300860442326248e-05,
feasibility,feasibility,NOUN,1,3,3,0.036196,False,rejected,-3.300860442326248e-05,
routing,routing,NOUN,1,3,3,0.036196,False,rejected,-3.300860442326248e-05,
priority,priority,NOUN,1,3,3,0.036196,False,rejected,-3.300860442326248e-05,
alternatives,alternative,NOUN,1,3,3,0.036196,False,rejected,-3.351485410768573e-05,
years,year,NOUN,1,3,3,0.036196,False,rejected,-3.351485410768573e-05,
pairwise,pairwise,NOUN,1,3,3,0.036196,False,rejected,-3.351485410768573e-05,
ordering,ordering,NOUN,1,3,3,0.036196,False,rejected,-3.351485410768573e-05,
recognition,recognition,NOUN,1,3,3,0.036196,False,rejected,-3.351485410768573e-05,
value function,value function,NOUN+NOUN,2,3,2,0.0352,False,rejected,-3.351485410768573e-05,
machine learning,machine learning,NOUN+NOUN,2,3,2,0.0352,False,rejected,-3.351485410768573e-05,
preference elicitation,preference elicitation,NOUN+NOUN,2,3,2,0.0352,False,rejected,-3.351485410768573e-05,
strategy nash,strategy nash,NOUN+NOUN,2,3,2,0.0352,False,rejected,-3.351485410768573e-05,
search context,search context,NOUN+NOUN,2,3,2,0.0352,False,rejected,-3.351485410768573e-05,
objective function,objective function,NOUN+NOUN,2,3,2,0.0352,False,rejected,-3.351485410768573e-05,
allocation rule,allocation rule,NOUN+NOUN,2,3,2,0.0352,False,rejected,-3.351485410768573e-05,
localization accuracy,localization accuracy,NOUN+NOUN,2,3,2,0.0352,False,rejected,-3.351485410768573e-05,
micaz motes,micaz mote,NOUN+NOUN,2,3,2,0.0352,False,rejected,-3.351485410768573e-05,
bid auctions,bid auction,NOUN+NOUN,2,3,2,0.0352,False,rejected,-3.351485410768573e-05,
resource allocation,resource allocation,NOUN+NOUN,2,3,2,0.0352,False,rejected,-3.351485410768573e-05,
web communities,web community,NOUN+NOUN,2,3,2,0.0352,False,rejected,-3.351485410768573e-05,
text retrieval,text retrieval,NOUN+NOUN,2,3,2,0.0352,False,rejected,-3.351485410768573e-05,
relevance feedback,relevance feedback,NOUN+NOUN,2,3,2,0.0352,False,rejected,-3.351485410768573e-05,
spam filtering,spam filtering,NOUN+NOUN,2,3,2,0.0352,False,rejected,-3.351485410768573e-05,
automated negotiation,automated negotiation,ADJ+NOUN,2,3,2,0.025836,False,rejected,-3.351485410768573e-05,
truthful mechanism,truthful mechanism,ADJ+NOUN,2,3,2,0.025836,False,rejected,-3.351485410768573e-05,
basic building,basic building,ADJ+NOUN,2,3,2,0.025836,False,rejected,-3.351485410768573e-05,
optimal strategies,optimal strategy,ADJ+NOUN,2,3,2,0.025836,False,rejected,-3.351485410768573e-05,
expertise retrieval,expertise retrieval,PROPN+NOUN,2,4,1,0.1,False,rejected,-3.351485410768573e-05,
pure strategy nash,pure strategy nash,ADJ+NOUN+NOUN,3,3,2,0.024691,False,rejected,-3.351485410768573e-05,
basic building blocks,basic building block,ADJ+NOUN+NOUN,3,3,2,0.024691,False,rejected,-3.351485410768573e-05,
congestion games,congestion game,NOUN+NOUN,2,4,1,0.0352,False,rejected,-3.351485410768573e-05,
distance measures,distance measure,NOUN+NOUN,2,4,1,0.0352,False,rejected,-3.351485410768573e-05,
word transcripts,word transcript,NOUN+NOUN,2,4,1,0.0352,False,rejected,-3.351485410768573e-05,
general documents,general document,ADJ+NOUN,2,4,1,0.025836,False,rejected,-3.351485410768573e-05,
pure strategy nash equilibrium,pure strategy nash equilibrium,ADJ+NOUN+NOUN+NOUN,4,3,2,0.033333,False,rejected,-3.351485410768573e-05,
air traffic,air traffic,PROPN+NOUN,2,3,1,0.1,False,rejected,-3.351485410768573e-05,
negotiation strategies,negotiation strategy,NOUN+NOUN,2,2,2,0.0352,False,rejected,-3.351485410768573e-05,
criteria decision,criterion decision,NOUN+NOUN,2,2,2,0.0352,False,rejected,-3.351485410768573e-05,
computation tree,computation tree,NOUN+NOUN,2,2,2,0.0352,False,rejected,-3.351485410768573e-05,
tree logic,tree logic,NOUN+NOUN,2,2,2,0.0352,False,rejected,-3.351485410768573e-05,
case study,case study,NOUN+NOUN,2,2,2,0.0352,False,rejected,-3.351485410768573e-05,
bidding language,bidding language,NOUN+NOUN,2,2,2,0.0352,False,rejected,-3.351485410768573e-05,
latency improvements,latency improvement,NOUN+NOUN,2,2,2,0.0352,False,rejected,-3.351485410768573e-05,
order books,order book,NOUN+NOUN,2,2,2,0.0352,False,rejected,-3.351485410768573e-05,
novel features,novel feature,NOUN+NOUN,2,2,2,0.0352,False,rejected,-3.351485410768573e-05,
relevance judgments,relevance judgment,NOUN+NOUN,2,2,2,0.0352,False,rejected,-3.4020034020046386e-05,
auction design,auction design,NOUN+NOUN,2,2,2,0.0352,False,rejected,-3.4020034020046386e-05,
scale experiment,scale experiment,NOUN+NOUN,2,2,2,0.0352,False,rejected,-3.4020034020046386e-05,
evaluation experiments,evaluation experiment,NOUN+NOUN,2,2,2,0.0352,False,rejected,-3.4020034020046386e-05,
management tools,management tool,NOUN+NOUN,2,2,2,0.0352,False,rejected,-3.4020034020046386e-05,
scale evaluation,scale evaluation,NOUN+NOUN,2,2,2,0.0352,False,rejected,-3.4020034020046386e-05,
anchor text,anchor text,NOUN+NOUN,2,2,2,0.0352,False,rejected,-3.4020034020046386e-05,
query log,query log,NOUN+NOUN,2,2,2,0.0352,False,rejected,-3.4020034020046386e-05,
form games,form game,NOUN+NOUN,2,2,2,0.0352,False,rejected,-3.4020034020046386e-05,
text classification,text classification,NOUN+NOUN,2,2,2,0.0352,False,rejected,-3.4020034020046386e-05,
document collections,document collection,NOUN+NOUN,2,2,2,0.0352,False,rejected,-3.4020034020046386e-05,
utility function,utility function,NOUN+NOUN,2,2,2,0.0352,False,rejected,-3.4020034020046386e-05,
language modeling,language modeling,NOUN+NOUN,2,2,2,0.0352,False,rejected,-3.4020034020046386e-05,
service consumers,service consumer,NOUN+NOUN,2,2,2,0.0352,False,rejected,-3.4020034020046386e-05,
strategic behavior,strategic behavior,ADJ+NOUN,2,2,2,0.025836,False,rejected,-3.4020034020046386e-05,
issue negotiation,issue negotiation,ADJ+NOUN,2,2,2,0.025836,False,rejected,-3.4020034020046386e-05,
individual utilities,individual utility,ADJ+NOUN,2,2,2,0.025836,False,rejected,-3.4020034020046386e-05,
significant speedup,significant speedup,ADJ+NOUN,2,2,2,0.025836,False,rejected,-3.4020034020046386e-05,
coalitional games,coalitional game,ADJ+NOUN,2,2,2,0.025836,False,rejected,-3.4020034020046386e-05,
stochastic environments,stochastic environment,ADJ+NOUN,2,2,2,0.025836,False,rejected,-3.4020034020046386e-05,
natural class,natural class,ADJ+NOUN,2,2,2,0.025836,False,rejected,-3.4020034020046386e-05,
empirical studies,empirical study,ADJ+NOUN,2,2,2,0.025836,False,rejected,-3.4020034020046386e-05,
polynomial number,polynomial number,ADJ+NOUN,2,2,2,0.025836,False,rejected,-3.4020034020046386e-05,
efficient mechanism,efficient mechanism,ADJ+NOUN,2,2,2,0.025836,False,rejected,-3.4020034020046386e-05,
lower bounds,low bound,ADJ+NOUN,2,2,2,0.025836,False,rejected,-3.4020034020046386e-05,
interested agent,interested agent,ADJ+NOUN,2,2,2,0.025836,False,rejected,-3.4020034020046386e-05,
deterministic mechanisms,deterministic mechanism,ADJ+NOUN,2,2,2,0.025836,False,rejected,-3.4020034020046386e-05,
important aspects,important aspect,ADJ+NOUN,2,2,2,0.025836,False,rejected,-3.4020034020046386e-05,
previous queries,previous query,ADJ+NOUN,2,2,2,0.025836,False,rejected,-3.4020034020046386e-05,
wireless devices,wireless device,ADJ+NOUN,2,2,2,0.025836,False,rejected,-3.4020034020046386e-05,
electronic commerce,electronic commerce,ADJ+NOUN,2,2,2,0.025836,False,rejected,-3.4020034020046386e-05,
hoc networks,hoc network,ADJ+NOUN,2,2,2,0.025836,False,rejected,-3.4020034020046386e-05,
lower accuracy,low accuracy,ADJ+NOUN,2,2,2,0.025836,False,rejected,-3.4020034020046386e-05,
key feature,key feature,ADJ+NOUN,2,2,2,0.025836,False,rejected,-3.4020034020046386e-05,
social optimum,social optimum,ADJ+NOUN,2,2,2,0.025836,False,rejected,-3.4020034020046386e-05,
flat hierarchies,flat hierarchy,ADJ+NOUN,2,2,2,0.025836,False,rejected,-3.4020034020046386e-05,
high quality,high quality,ADJ+NOUN,2,2,2,0.025836,False,rejected,-3.4020034020046386e-05,
different kinds,different kind,ADJ+NOUN,2,2,2,0.025836,False,rejected,-3.4020034020046386e-05,
new protocol,new protocol,ADJ+NOUN,2,2,2,0.025836,False,rejected,-3.4020034020046386e-05,
theoretical framework,theoretical framework,ADJ+NOUN,2,2,2,0.025836,False,rejected,-3.4020034020046386e-05,
efficient solutions,efficient solution,ADJ+NOUN,2,2,2,0.025836,False,rejected,-3.4020034020046386e-05,
normal form,normal form,ADJ+NOUN,2,2,2,0.025836,False,rejected,-3.4020034020046386e-05,
different types,different type,ADJ+NOUN,2,2,2,0.025836,False,rejected,-3.4020034020046386e-05,
different utility,different utility,ADJ+NOUN,2,2,2,0.025836,False,rejected,-3.4020034020046386e-05,
free riding,free riding,ADJ+NOUN,2,2,2,0.025836,False,rejected,-3.4020034020046386e-05,
statistical language,statistical language,ADJ+NOUN,2,2,2,0.025836,False,rejected,-3.4020034020046386e-05,
new technology,new technology,ADJ+NOUN,2,2,2,0.025836,False,rejected,-3.4020034020046386e-05,
efficient algorithms,efficient algorithm,ADJ+NOUN,2,2,2,0.025836,False,rejected,-3.4020034020046386e-05,
experimental evaluation,experimental evaluation,ADJ+NOUN,2,2,2,0.025836,False,rejected,-3.4020034020046386e-05,
current techniques,current technique,ADJ+NOUN,2,2,2,0.025836,False,rejected,-3.4020034020046386e-05,
computational cost,computational cost,ADJ+NOUN,2,2,2,0.025836,False,rejected,-3.4020034020046386e-05,
voting game,voting game,NOUN+NOUN,2,3,1,0.0352,False,rejected,-3.4020034020046386e-05,
commitment machines,commitment machine,NOUN+NOUN,2,3,1,0.0352,False,rejected,-3.4020034020046386e-05,
indexing scheme,indexing scheme,NOUN+NOUN,2,3,1,0.0352,False,rejected,-3.4020034020046386e-05,
kalman filter,kalman filter,NOUN+NOUN,2,3,1,0.0352,False,rejected,-3.4020034020046386e-05,
assimilation methodology,assimilation methodology,NOUN+NOUN,2,3,1,0.0352,False,rejected,-3.4020034020046386e-05,
document term,document term,NOUN+NOUN,2,3,1,0.0352,False,rejected,-3.4020034020046386e-05,
adaptive resource,adaptive resource,NOUN+NOUN,2,3,1,0.0352,False,rejected,-3.45241466736812e-05,
group interaction,group interaction,NOUN+NOUN,2,3,1,0.0352,False,rejected,-3.45241466736812e-05,
mutuel market,mutuel market,NOUN+NOUN,2,3,1,0.0352,False,rejected,-3.45241466736812e-05,
aggregation functions,aggregation function,NOUN+NOUN,2,3,1,0.0352,False,rejected,-3.45241466736812e-05,
network delay,network delay,NOUN+NOUN,2,3,1,0.0352,False,rejected,-3.45241466736812e-05,
text classifiers,text classifier,NOUN+NOUN,2,3,1,0.0352,False,rejected,-3.45241466736812e-05,
probability estimates,probability estimate,NOUN+NOUN,2,3,1,0.0352,False,rejected,-3.45241466736812e-05,
voting rules,voting rule,NOUN+NOUN,2,3,1,0.0352,False,rejected,-3.45241466736812e-05,
support size,support size,NOUN+NOUN,2,3,1,0.0352,False,rejected,-3.45241466736812e-05,
parameter settings,parameter setting,NOUN+NOUN,2,3,1,0.0352,False,rejected,-3.45241466736812e-05,
communication proxies,communication proxy,NOUN+NOUN,2,3,1,0.0352,False,rejected,-3.45241466736812e-05,
query translation,query translation,NOUN+NOUN,2,3,1,0.0352,False,rejected,-3.45241466736812e-05,
winner determination,winner determination,NOUN+NOUN,2,3,1,0.0352,False,rejected,-3.45241466736812e-05,
service requests,service request,NOUN+NOUN,2,3,1,0.0352,False,rejected,-3.45241466736812e-05,
flow management,flow management,NOUN+NOUN,2,3,1,0.0352,False,rejected,-3.502719457498804e-05,
sum games,sum game,NOUN+NOUN,2,3,1,0.0352,False,rejected,-3.502719457498804e-05,
joint gains,joint gain,ADJ+NOUN,2,3,1,0.025836,False,rejected,-3.502719457498804e-05,
ensemble kalman,ensemble kalman,ADJ+NOUN,2,3,1,0.025836,False,rejected,-3.502719457498804e-05,
generic event,generic event,ADJ+NOUN,2,3,1,0.025836,False,rejected,-3.502719457498804e-05,
weak monotonicity,weak monotonicity,ADJ+NOUN,2,3,1,0.025836,False,rejected,-3.502719457498804e-05,
immediate predecessors,immediate predecessor,ADJ+NOUN,2,3,1,0.025836,False,rejected,-3.502719457498804e-05,
strict dominance,strict dominance,ADJ+NOUN,2,3,1,0.025836,False,rejected,-3.502719457498804e-05,
robust solution,robust solution,ADJ+NOUN,2,3,1,0.025836,False,rejected,-3.552918022338425e-05,
new test,new test,ADJ+NOUN,2,3,1,0.025836,False,rejected,-3.552918022338425e-05,
phonetic transcripts,phonetic transcript,ADJ+NOUN,2,3,1,0.025836,False,rejected,-3.552918022338425e-05,
kripke structures,kripke structure,ADJ+NOUN,2,3,1,0.025836,False,rejected,-3.552918022338425e-05,
ensemble kalman filter,ensemble kalman filter,ADJ+NOUN+NOUN,3,3,1,0.024691,False,rejected,-3.552918022338425e-05,
duplicate photo,duplicate photo,PROPN+NOUN,2,2,1,0.1,False,rejected,-3.603010611134827e-05,
estimation accuracy,estimation accuracy,PROPN+NOUN,2,2,1,0.1,False,rejected,-3.603010611134827e-05,
conflict theorists,conflict theorist,NOUN+NOUN,2,2,1,0.0352,False,rejected,-3.652997472447517e-05,
dirichlet distribution,dirichlet distribution,NOUN+NOUN,2,2,1,0.0352,False,rejected,-3.652997472447517e-05,
dcop instances,dcop instance,NOUN+NOUN,2,2,1,0.0352,False,rejected,-3.652997472447517e-05,
constraint satisfaction,constraint satisfaction,NOUN+NOUN,2,2,1,0.0352,False,rejected,-3.652997472447517e-05,
dcsp algorithms,dcsp algorithm,NOUN+NOUN,2,2,1,0.0352,False,rejected,-3.652997472447517e-05,
coalition games,coalition game,NOUN+NOUN,2,2,1,0.0352,False,rejected,-3.652997472447517e-05,
generation policy,generation policy,NOUN+NOUN,2,2,1,0.0352,False,rejected,-3.652997472447517e-05,
web structure,web structure,NOUN+NOUN,2,2,1,0.0352,False,rejected,-3.652997472447517e-05,
heat diffusion,heat diffusion,NOUN+NOUN,2,2,1,0.0352,False,rejected,-3.652997472447517e-05,
heat flow,heat flow,NOUN+NOUN,2,2,1,0.0352,False,rejected,-3.652997472447517e-05,
reservoir simulations,reservoir simulation,NOUN+NOUN,2,2,1,0.0352,False,rejected,-3.702878854146274e-05,
matching offers,matching offer,NOUN+NOUN,2,2,1,0.0352,False,rejected,-3.702878854146274e-05,
concave bids,concave bid,NOUN+NOUN,2,2,1,0.0352,False,rejected,-3.702878854146274e-05,
energy harvesting,energy harvesting,NOUN+NOUN,2,2,1,0.0352,False,rejected,-3.702878854146274e-05,
harvesting sensor,harvesting sensor,NOUN+NOUN,2,2,1,0.0352,False,rejected,-3.702878854146274e-05,
energy source,energy source,NOUN+NOUN,2,2,1,0.0352,False,rejected,-3.702878854146274e-05,
learning processes,learning process,NOUN+NOUN,2,2,1,0.0352,False,rejected,-3.702878854146274e-05,
search agent,search agent,NOUN+NOUN,2,2,1,0.0352,False,rejected,-3.702878854146274e-05,
resource availability,resource availability,NOUN+NOUN,2,2,1,0.0352,False,rejected,-3.752655003415317e-05,
server architecture,server architecture,NOUN+NOUN,2,2,1,0.0352,False,rejected,-3.802326166750525e-05,
availability latency,availability latency,NOUN+NOUN,2,2,1,0.0352,False,rejected,-3.802326166750525e-05,
replacement policies,replacement policy,NOUN+NOUN,2,2,1,0.0352,False,rejected,-3.802326166750525e-05,
document scores,document score,NOUN+NOUN,2,2,1,0.0352,False,rejected,-3.802326166750525e-05,
node sequences,node sequence,NOUN+NOUN,2,2,1,0.0352,False,rejected,-3.802326166750525e-05,
event distribution,event distribution,NOUN+NOUN,2,2,1,0.0352,False,rejected,-3.802326166750525e-05,
network interface,network interface,NOUN+NOUN,2,2,1,0.0352,False,rejected,-3.802326166750525e-05,
event layer,event layer,NOUN+NOUN,2,2,1,0.0352,False,rejected,-3.802326166750525e-05,
quality attributes,quality attribute,NOUN+NOUN,2,2,1,0.0352,False,rejected,-3.802326166750525e-05,
expert assessments,expert assessment,NOUN+NOUN,2,2,1,0.0352,False,rejected,-3.802326166750525e-05,
choice function,choice function,NOUN+NOUN,2,2,1,0.0352,False,rejected,-3.802326166750525e-05,
storage architecture,storage architecture,NOUN+NOUN,2,2,1,0.0352,False,rejected,-3.802326166750525e-05,
tier sensor,tier sensor,NOUN+NOUN,2,2,1,0.0352,False,rejected,-3.802326166750525e-05,
resource selection,resource selection,NOUN+NOUN,2,2,1,0.0352,False,rejected,-3.802326166750525e-05,
place references,place reference,NOUN+NOUN,2,2,1,0.0352,False,rejected,-3.802326166750525e-05,
engine queries,engine query,NOUN+NOUN,2,2,1,0.0352,False,rejected,-3.802326166750525e-05,
quality photo,quality photo,NOUN+NOUN,2,2,1,0.0352,False,rejected,-3.8518925899760914e-05,
web crawler,web crawler,NOUN+NOUN,2,2,1,0.0352,False,rejected,-3.8518925899760914e-05,
range query,range query,NOUN+NOUN,2,2,1,0.0352,False,rejected,-3.8518925899760914e-05,
query costs,query cost,NOUN+NOUN,2,2,1,0.0352,False,rejected,-3.8518925899760914e-05,
communication complexity,communication complexity,NOUN+NOUN,2,2,1,0.0352,False,rejected,-3.8518925899760914e-05,
intrusion detection,intrusion detection,NOUN+NOUN,2,2,1,0.0352,False,rejected,-3.8518925899760914e-05,
program solve,program solve,NOUN+NOUN,2,2,1,0.0352,False,rejected,-3.8518925899760914e-05,
mechanism parameter,mechanism parameter,NOUN+NOUN,2,2,1,0.0352,False,rejected,-3.8518925899760914e-05,
authority assignment,authority assignment,NOUN+NOUN,2,2,1,0.0352,False,rejected,-3.8518925899760914e-05,
playing experience,playing experience,NOUN+NOUN,2,2,1,0.0352,False,rejected,-3.8518925899760914e-05,
actions events,action event,NOUN+NOUN,2,2,1,0.0352,False,rejected,-3.8518925899760914e-05,
end communication,end communication,NOUN+NOUN,2,2,1,0.0352,False,rejected,-3.8518925899760914e-05,
communication paths,communication path,NOUN+NOUN,2,2,1,0.0352,False,rejected,-3.8518925899760914e-05,
delivery ratio,delivery ratio,NOUN+NOUN,2,2,1,0.0352,False,rejected,-3.8518925899760914e-05,
resource usage,resource usage,NOUN+NOUN,2,2,1,0.0352,False,rejected,-3.8518925899760914e-05,
item detection,item detection,NOUN+NOUN,2,2,1,0.0352,False,rejected,-3.8518925899760914e-05,
pagerank values,pagerank value,NOUN+NOUN,2,2,1,0.0352,False,rejected,-3.8518925899760914e-05,
query suggestion,query suggestion,NOUN+NOUN,2,2,1,0.0352,False,rejected,-3.8518925899760914e-05,
input query,input query,NOUN+NOUN,2,2,1,0.0352,False,rejected,-3.8518925899760914e-05,
index size,index size,NOUN+NOUN,2,2,1,0.0352,False,rejected,-3.901354518220934e-05,
rank aggregation,rank aggregation,NOUN+NOUN,2,2,1,0.0352,False,rejected,-3.901354518220934e-05,
supply auction,supply auction,NOUN+NOUN,2,2,1,0.0352,False,rejected,-3.901354518220934e-05,
pause auction,pause auction,NOUN+NOUN,2,2,1,0.0352,False,rejected,-3.901354518220934e-05,
mutation set,mutation set,NOUN+NOUN,2,2,1,0.0352,False,rejected,-3.901354518220934e-05,
prediction techniques,prediction technique,NOUN+NOUN,2,2,1,0.0352,False,rejected,-3.901354518220934e-05,
search environments,search environment,NOUN+NOUN,2,2,1,0.0352,False,rejected,-3.901354518220934e-05,
query traffic,query traffic,NOUN+NOUN,2,2,1,0.0352,False,rejected,-3.901354518220934e-05,
page content,page content,NOUN+NOUN,2,2,1,0.0352,False,rejected,-3.901354518220934e-05,
document summaries,document summary,NOUN+NOUN,2,2,1,0.0352,False,rejected,-3.901354518220934e-05,
news topic,news topic,NOUN+NOUN,2,2,1,0.0352,False,rejected,-3.901354518220934e-05,
repair solution,repair solution,NOUN+NOUN,2,2,1,0.0352,False,rejected,-3.901354518220934e-05,
recommendation network,recommendation network,NOUN+NOUN,2,2,1,0.0352,False,rejected,-3.901354518220934e-05,
business processes,business process,NOUN+NOUN,2,2,1,0.0352,False,rejected,-3.901354518220934e-05,
prediction accuracy,prediction accuracy,NOUN+NOUN,2,2,1,0.0352,False,rejected,-3.901354518220934e-05,
loss functions,loss function,NOUN+NOUN,2,2,1,0.0352,False,rejected,-3.901354518220934e-05,
traffic volume,traffic volume,NOUN+NOUN,2,2,1,0.0352,False,rejected,-3.901354518220934e-05,
agent applications,agent application,NOUN+NOUN,2,2,1,0.0352,False,rejected,-3.901354518220934e-05,
car owners,car owner,NOUN+NOUN,2,2,1,0.0352,False,rejected,-3.901354518220934e-05,
resource scheduling,resource scheduling,NOUN+NOUN,2,2,1,0.0352,False,rejected,-3.901354518220934e-05,
target intimacy,target intimacy,NOUN+NOUN,2,2,1,0.0352,False,rejected,-3.901354518220934e-05,
game tree,game tree,NOUN+NOUN,2,2,1,0.0352,False,rejected,-3.901354518220934e-05,
poker game,poker game,NOUN+NOUN,2,2,1,0.0352,False,rejected,-3.901354518220934e-05,
ontology matching,ontology matching,NOUN+NOUN,2,2,1,0.0352,False,rejected,-3.901354518220934e-05,
stability properties,stability property,NOUN+NOUN,2,2,1,0.0352,False,rejected,-3.901354518220934e-05,
available auctions,available auction,ADJ+NOUN,2,2,1,0.025836,False,rejected,-3.901354518220934e-05,
different issues,different issue,ADJ+NOUN,2,2,1,0.025836,False,rejected,-3.901354518220934e-05,
relative error,relative error,ADJ+NOUN,2,2,1,0.025836,False,rejected,-3.901354518220934e-05,
approximate equilibrium,approximate equilibrium,ADJ+NOUN,2,2,1,0.025836,False,rejected,-3.901354518220934e-05,
online negotiation,online negotiation,ADJ+NOUN,2,2,1,0.025836,False,rejected,-3.901354518220934e-05,
heuristic solution,heuristic solution,ADJ+NOUN,2,2,1,0.025836,False,rejected,-3.901354518220934e-05,
computational trust,computational trust,ADJ+NOUN,2,2,1,0.025836,False,rejected,-3.901354518220934e-05,
pseudotree arrangements,pseudotree arrangement,ADJ+NOUN,2,2,1,0.025836,False,rejected,-3.901354518220934e-05,
new strategies,new strategy,ADJ+NOUN,2,2,1,0.025836,False,rejected,-3.901354518220934e-05,
polynomial communication,polynomial communication,ADJ+NOUN,2,2,1,0.025836,False,rejected,-3.950712195954775e-05,
multiple charities,multiple charity,ADJ+NOUN,2,2,1,0.025836,False,rejected,-3.950712195954775e-05,
dynamic web,dynamic web,ADJ+NOUN,2,2,1,0.025836,False,rejected,-3.950712195954775e-05,
strategic setting,strategic setting,ADJ+NOUN,2,2,1,0.025836,False,rejected,-3.950712195954775e-05,
dependent failures,dependent failure,ADJ+NOUN,2,2,1,0.025836,False,rejected,-3.950712195954775e-05,
double auction,double auction,ADJ+NOUN,2,2,1,0.025836,False,rejected,-3.950712195954775e-05,
large volumes,large volume,ADJ+NOUN,2,2,1,0.025836,False,rejected,-3.950712195954775e-05,
vcg mechanisms,vcg mechanism,ADJ+NOUN,2,2,1,0.025836,False,rejected,-3.950712195954775e-05,
individual retrievals,individual retrieval,ADJ+NOUN,2,2,1,0.025836,False,rejected,-3.950712195954775e-05,
dominant strategy,dominant strategy,ADJ+NOUN,2,2,1,0.025836,False,rejected,-3.950712195954775e-05,
social goals,social goal,ADJ+NOUN,2,2,1,0.025836,False,rejected,-3.950712195954775e-05,
logarithmic aggregation,logarithmic aggregation,ADJ+NOUN,2,2,1,0.025836,False,rejected,-3.950712195954775e-05,
pooled predictions,pooled prediction,ADJ+NOUN,2,2,1,0.025836,False,rejected,-3.950712195954775e-05,
high consistency,high consistency,ADJ+NOUN,2,2,1,0.025836,False,rejected,-3.950712195954775e-05,
social choice,social choice,ADJ+NOUN,2,2,1,0.025836,False,rejected,-3.999965866956223e-05,
player game,player game,ADJ+NOUN,2,2,1,0.025836,False,rejected,-3.999965866956223e-05,
real position,real position,ADJ+NOUN,2,2,1,0.025836,False,rejected,-3.999965866956223e-05,
different receivers,different receiver,ADJ+NOUN,2,2,1,0.025836,False,rejected,-3.999965866956223e-05,
general condition,general condition,ADJ+NOUN,2,2,1,0.025836,False,rejected,-4.049115774341916e-05,
intermediate nodes,intermediate node,ADJ+NOUN,2,2,1,0.025836,False,rejected,-4.049115774341916e-05,
forward packets,forward packet,ADJ+NOUN,2,2,1,0.025836,False,rejected,-4.049115774341916e-05,
vertical search,vertical search,ADJ+NOUN,2,2,1,0.025836,False,rejected,-4.049115774341916e-05,
asynchronous paradigm,asynchronous paradigm,ADJ+NOUN,2,2,1,0.025836,False,rejected,-4.049115774341916e-05,
iterated dominance,iterated dominance,ADJ+NOUN,2,2,1,0.025836,False,rejected,-4.049115774341916e-05,
dominating strategy,dominating strategy,ADJ+NOUN,2,2,1,0.025836,False,rejected,-4.049115774341916e-05,
online games,online game,ADJ+NOUN,2,2,1,0.025836,False,rejected,-4.049115774341916e-05,
specific domains,specific domain,ADJ+NOUN,2,2,1,0.025836,False,rejected,-4.098162160551255e-05,
relevant queries,relevant query,ADJ+NOUN,2,2,1,0.025836,False,rejected,-4.098162160551255e-05,
lingual query,lingual query,ADJ+NOUN,2,2,1,0.025836,False,rejected,-4.098162160551255e-05,
second pricing,second pricing,ADJ+NOUN,2,2,1,0.025836,False,rejected,-4.098162160551255e-05,
competitive framework,competitive framework,ADJ+NOUN,2,2,1,0.025836,False,rejected,-4.098162160551255e-05,
optimal auction,optimal auction,ADJ+NOUN,2,2,1,0.025836,False,rejected,-4.098162160551255e-05,
competitive auction,competitive auction,ADJ+NOUN,2,2,1,0.025836,False,rejected,-4.098162160551255e-05,
administrative isolation,administrative isolation,ADJ+NOUN,2,2,1,0.025836,False,rejected,-4.098162160551255e-05,
additional computation,additional computation,ADJ+NOUN,2,2,1,0.025836,False,rejected,-4.098162160551255e-05,
super solutions,super solution,ADJ+NOUN,2,2,1,0.025836,False,rejected,-4.098162160551255e-05,
ringling school,ringling school,ADJ+NOUN,2,2,1,0.025836,False,rejected,-4.098162160551255e-05,
rhetorical manoeuvring,rhetorical manoeuvring,ADJ+NOUN,2,2,1,0.025836,False,rejected,-4.1959453358608734e-05,
optimal resource,optimal resource,ADJ+NOUN,2,2,1,0.025836,False,rejected,-4.1959453358608734e-05,
online spam,online spam,ADJ+NOUN,2,2,1,0.025836,False,rejected,-4.1959453358608734e-05,
possible worlds,possible world,ADJ+NOUN,2,2,1,0.025836,False,rejected,-4.1959453358608734e-05,
large games,large game,ADJ+NOUN,2,2,1,0.025836,False,rejected,-4.1959453358608734e-05,
semantic alignment,semantic alignment,ADJ+NOUN,2,2,1,0.025836,False,rejected,-4.1959453358608734e-05,
graphical representation,graphical representation,ADJ+NOUN,2,2,1,0.025836,False,rejected,-4.1959453358608734e-05,
absolute traders,absolute trader,ADJ+NOUN,2,2,1,0.025836,False,rejected,-4.1959453358608734e-05,
relative traders,relative trader,ADJ+NOUN,2,2,1,0.025836,False,rejected,-4.1959453358608734e-05,
generic event layer,generic event layer,ADJ+NOUN+NOUN,3,2,1,0.024691,False,rejected,-4.1959453358608734e-05,
logarithmic aggregation functions,logarithmic aggregation function,ADJ+NOUN+NOUN,3,2,1,0.024691,False,rejected,-4.1959453358608734e-05,
social choice function,social choice function,ADJ+NOUN+NOUN,3,2,1,0.024691,False,rejected,-4.1959453358608734e-05,
linear program solve,linear program solve,ADJ+NOUN+NOUN,3,2,1,0.024691,False,rejected,-4.1959453358608734e-05,
global pagerank values,global pagerank value,ADJ+NOUN+NOUN,3,2,1,0.024691,False,rejected,-4.1959453358608734e-05,
new test set,new test set,ADJ+NOUN+NOUN,3,2,1,0.024691,False,rejected,-4.1959453358608734e-05,
online spam filtering,online spam filtering,ADJ+NOUN+NOUN,3,2,1,0.024691,False,rejected,-4.1959453358608734e-05,
uma strategy,uma strategy,PROPN+NOUN,2,1,1,0.1,False,rejected,-4.1959453358608734e-05,
bdi programming,bdi programming,PROPN+NOUN,2,1,1,0.1,False,rejected,-4.1959453358608734e-05,
join deliberation,join deliberation,PROPN+NOUN,2,1,1,0.1,False,rejected,-4.1959453358608734e-05,
xml documents,xml document,PROPN+NOUN,2,1,1,0.1,False,rejected,-4.1959453358608734e-05,
monotone dnf,monotone dnf,PROPN+NOUN,2,1,1,0.1,False,rejected,-4.1959453358608734e-05,
eclipse software,eclipse software,PROPN+NOUN,2,1,1,0.1,False,rejected,-4.2446826065106746e-05,
google search,google search,PROPN+NOUN,2,1,1,0.1,False,rejected,-4.2446826065106746e-05,
dpm price,dpm price,PROPN+NOUN,2,1,1,0.1,False,rejected,-4.2446826065106746e-05,
football league,football league,PROPN+NOUN,2,1,1,0.1,False,rejected,-4.2446826065106746e-05,
node color,node color,PROPN+NOUN,2,1,1,0.1,False,rejected,-4.2446826065106746e-05,
govstat project,govstat project,PROPN+NOUN,2,1,1,0.1,False,rejected,-4.2446826065106746e-05,
realworld deployment,realworld deployment,PROPN+NOUN,2,1,1,0.1,False,rejected,-4.2446826065106746e-05,
telecom operations,telecom operation,PROPN+NOUN,2,1,1,0.1,False,rejected,-4.2446826065106746e-05,
message service,message service,PROPN+NOUN,2,1,1,0.1,False,rejected,-4.2446826065106746e-05,
trec platform,trec platform,PROPN+NOUN,2,1,1,0.1,False,rejected,-4.2446826065106746e-05,
tdt tracking,tdt tracking,PROPN+NOUN,2,1,1,0.1,False,rejected,-4.2446826065106746e-05,
test center,test center,PROPN+NOUN,2,1,1,0.1,False,rejected,-4.2446826065106746e-05,
ss market,ss market,PROPN+NOUN,2,1,1,0.1,False,rejected,-4.2446826065106746e-05,
node movement,node movement,PROPN+NOUN,2,1,1,0.1,False,rejected,-4.2446826065106746e-05,
baseline expertise,baseline expertise,PROPN+NOUN,2,1,1,0.1,False,rejected,-4.2446826065106746e-05,
english speech,english speech,PROPN+NOUN,2,1,1,0.1,False,rejected,-4.2446826065106746e-05,
nasdaq stocks,nasdaq stock,PROPN+NOUN,2,1,1,0.1,False,rejected,-4.2446826065106746e-05,
lcd monitor,lcd monitor,PROPN+PROPN,2,1,1,0.086957,False,rejected,-4.2446826065106746e-05,
multitarget emt,multitarget emt,PROPN+PROPN,2,1,1,0.086957,False,rejected,-4.2446826065106746e-05,
et al,et al,PROPN+PROPN,2,1,1,0.086957,False,rejected,-4.2446826065106746e-05,
pagerank algorithm,pagerank algorithm,PROPN+PROPN,2,1,1,0.086957,False,rejected,-4.2446826065106746e-05,
xml retrieval,xml retrieval,PROPN+PROPN,2,1,1,0.086957,False,rejected,-4.2446826065106746e-05,
schlumberger eclipse,schlumberger eclipse,PROPN+PROPN,2,1,1,0.086957,False,rejected,-4.2446826065106746e-05,
national football,national football,PROPN+PROPN,2,1,1,0.086957,False,rejected,-4.2446826065106746e-05,
hasse diagram,hasse diagram,PROPN+PROPN,2,1,1,0.086957,False,rejected,-4.2446826065106746e-05,
mnm service,mnm service,PROPN+PROPN,2,1,1,0.086957,False,rejected,-4.2446826065106746e-05,
munich network,munich network,PROPN+PROPN,2,1,1,0.086957,False,rejected,-4.2446826065106746e-05,
network management,network management,PROPN+PROPN,2,1,1,0.086957,False,rejected,-4.2446826065106746e-05,
routing algorithm,routing algorithm,PROPN+PROPN,2,1,1,0.086957,False,rejected,-4.2446826065106746e-05,
java message,java message,PROPN+PROPN,2,1,1,0.086957,False,rejected,-4.2446826065106746e-05,
task assignment,task assignment,PROPN+PROPN,2,1,1,0.086957,False,rejected,-4.2446826065106746e-05,
army aberdeen,army aberdeen,PROPN+PROPN,2,1,1,0.086957,False,rejected,-4.2446826065106746e-05,
aberdeen test,aberdeen test,PROPN+PROPN,2,1,1,0.086957,False,rejected,-4.2446826065106746e-05,
trec ap,trec ap,PROPN+PROPN,2,1,1,0.086957,False,rejected,-4.2446826065106746e-05,
aviation administration,aviation administration,PROPN+PROPN,2,1,1,0.086957,False,rejected,-4.2446826065106746e-05,
monte carlo,monte carlo,PROPN+PROPN,2,1,1,0.086957,False,rejected,-4.2446826065106746e-05,
carlo estimation,carlo estimation,PROPN+PROPN,2,1,1,0.086957,False,rejected,-4.2446826065106746e-05,
bidding strategy,bidding strategy,NOUN+NOUN,2,1,1,0.0352,False,rejected,-4.2446826065106746e-05,
revenue potential,revenue potential,NOUN+NOUN,2,1,1,0.0352,False,rejected,-4.2446826065106746e-05,
computer simulations,computer simulation,NOUN+NOUN,2,1,1,0.0352,False,rejected,-4.2446826065106746e-05,
seller revenue,seller revenue,NOUN+NOUN,2,1,1,0.0352,False,rejected,-4.2933173190831675e-05,
discount factors,discount factor,NOUN+NOUN,2,1,1,0.0352,False,rejected,-4.2933173190831675e-05,
negotiation deadline,negotiation deadline,NOUN+NOUN,2,1,1,0.0352,False,rejected,-4.2933173190831675e-05,
function propagation,function propagation,NOUN+NOUN,2,1,1,0.0352,False,rejected,-4.2933173190831675e-05,
management domain,management domain,NOUN+NOUN,2,1,1,0.0352,False,rejected,-4.2933173190831675e-05,
optimisation techniques,optimisation technique,NOUN+NOUN,2,1,1,0.0352,False,rejected,-4.2933173190831675e-05,
operations researchers,operation researcher,NOUN+NOUN,2,1,1,0.0352,False,rejected,-4.2933173190831675e-05,
finite set,finite set,NOUN+NOUN,2,1,1,0.0352,False,rejected,-4.2933173190831675e-05,
truth telling,truth telling,NOUN+NOUN,2,1,1,0.0352,False,rejected,-4.2933173190831675e-05,
agents possess,agent possess,NOUN+NOUN,2,1,1,0.0352,False,rejected,-4.2933173190831675e-05,
starting point,starting point,NOUN+NOUN,2,1,1,0.0352,False,rejected,-4.2933173190831675e-05,
covariance matrix,covariance matrix,NOUN+NOUN,2,1,1,0.0352,False,rejected,-4.2933173190831675e-05,
contract outcomes,contract outcome,NOUN+NOUN,2,1,1,0.0352,False,rejected,-4.2933173190831675e-05,
beta distributions,beta distribution,NOUN+NOUN,2,1,1,0.0352,False,rejected,-4.2933173190831675e-05,
fuse reputation,fuse reputation,NOUN+NOUN,2,1,1,0.0352,False,rejected,-4.2933173190831675e-05,
rumour propagation,rumour propagation,NOUN+NOUN,2,1,1,0.0352,False,rejected,-4.2933173190831675e-05,
markov tracking,markov tracking,NOUN+NOUN,2,1,1,0.0352,False,rejected,-4.2933173190831675e-05,
action selection,action selection,NOUN+NOUN,2,1,1,0.0352,False,rejected,-4.2933173190831675e-05,
dbc framework,dbc framework,NOUN+NOUN,2,1,1,0.0352,False,rejected,-4.2933173190831675e-05,
constraint optimization,constraint optimization,NOUN+NOUN,2,1,1,0.0352,False,rejected,-4.2933173190831675e-05,
dpop algorithm,dpop algorithm,NOUN+NOUN,2,1,1,0.0352,False,rejected,-4.2933173190831675e-05,
path cost,path cost,NOUN+NOUN,2,1,1,0.0352,False,rejected,-4.2933173190831675e-05,
traversal heuristics,traversal heuristic,NOUN+NOUN,2,1,1,0.0352,False,rejected,-4.2933173190831675e-05,
computation sizes,computation size,NOUN+NOUN,2,1,1,0.0352,False,rejected,-4.2933173190831675e-05,
satisfaction framework,satisfaction framework,NOUN+NOUN,2,1,1,0.0352,False,rejected,-4.2933173190831675e-05,
dcsp search,dcsp search,NOUN+NOUN,2,1,1,0.0352,False,rejected,-4.2933173190831675e-05,
bdi framework,bdi framework,NOUN+NOUN,2,1,1,0.0352,False,rejected,-4.2933173190831675e-05,
programming frameworks,programming framework,NOUN+NOUN,2,1,1,0.0352,False,rejected,-4.2933173190831675e-05,
software platforms,software platform,NOUN+NOUN,2,1,1,0.0352,False,rejected,-4.2933173190831675e-05,
interaction capabilities,interaction capability,NOUN+NOUN,2,1,1,0.0352,False,rejected,-4.2933173190831675e-05,
software architectures,software architecture,NOUN+NOUN,2,1,1,0.0352,False,rejected,-4.2933173190831675e-05,
execution semantics,execution semantic,NOUN+NOUN,2,1,1,0.0352,False,rejected,-4.2933173190831675e-05,
percentage error,percentage error,NOUN+NOUN,2,1,1,0.0352,False,rejected,-4.2933173190831675e-05,
machines framework,machine framework,NOUN+NOUN,2,1,1,0.0352,False,rejected,-4.2933173190831675e-05,
modelling interactions,modelling interaction,NOUN+NOUN,2,1,1,0.0352,False,rejected,-4.2933173190831675e-05,
style plans,style plan,NOUN+NOUN,2,1,1,0.0352,False,rejected,-4.2933173190831675e-05,
race conditions,race condition,NOUN+NOUN,2,1,1,0.0352,False,rejected,-4.2933173190831675e-05,
argumentation framework,argumentation framework,NOUN+NOUN,2,1,1,0.0352,False,rejected,-4.2933173190831675e-05,
argument preference,argument preference,NOUN+NOUN,2,1,1,0.0352,False,rejected,-4.2933173190831675e-05,
preference relation,preference relation,NOUN+NOUN,2,1,1,0.0352,False,rejected,-4.2933173190831675e-05,
argument generation,argument generation,NOUN+NOUN,2,1,1,0.0352,False,rejected,-4.2933173190831675e-05,
counterargument generation,counterargument generation,NOUN+NOUN,2,1,1,0.0352,False,rejected,-4.2933173190831675e-05,
argumentation process,argumentation process,NOUN+NOUN,2,1,1,0.0352,False,rejected,-4.2933173190831675e-05,
logic ctlkp,logic ctlkp,NOUN+NOUN,2,1,1,0.0352,False,rejected,-4.2933173190831675e-05,
plausibility update,plausibility update,NOUN+NOUN,2,1,1,0.0352,False,rejected,-4.2933173190831675e-05,
update operator,update operator,NOUN+NOUN,2,1,1,0.0352,False,rejected,-4.2933173190831675e-05,
plausibility assumptions,plausibility assumption,NOUN+NOUN,2,1,1,0.0352,False,rejected,-4.2933173190831675e-05,
rank scores,rank score,NOUN+NOUN,2,1,1,0.0352,False,rejected,-4.2933173190831675e-05,
web ranking,web ranking,NOUN+NOUN,2,1,1,0.0352,False,rejected,-4.2933173190831675e-05,
diffusion coefficient,diffusion coefficient,NOUN+NOUN,2,1,1,0.0352,False,rejected,-4.2933173190831675e-05,
link manipulation,link manipulation,NOUN+NOUN,2,1,1,0.0352,False,rejected,-4.2933173190831675e-05,
group relations,group relation,NOUN+NOUN,2,1,1,0.0352,False,rejected,-4.2933173190831675e-05,
link communities,link community,NOUN+NOUN,2,1,1,0.0352,False,rejected,-4.2933173190831675e-05,
book chapters,book chapter,NOUN+NOUN,2,1,1,0.0352,False,rejected,-4.2933173190831675e-05,
research papers,research paper,NOUN+NOUN,2,1,1,0.0352,False,rejected,-4.2933173190831675e-05,
sample documents,sample document,NOUN+NOUN,2,1,1,0.0352,False,rejected,-4.2933173190831675e-05,
train machine,train machine,NOUN+NOUN,2,1,1,0.0352,False,rejected,-4.2933173190831675e-05,
dissemination schemes,dissemination scheme,NOUN+NOUN,2,1,1,0.0352,False,rejected,-4.2933173190831675e-05,
element retrieval,element retrieval,NOUN+NOUN,2,1,1,0.0352,False,rejected,-4.2933173190831675e-05,
elicitation algorithms,elicitation algorithm,NOUN+NOUN,2,1,1,0.0352,False,rejected,-4.2933173190831675e-05,
conversion procedure,conversion procedure,NOUN+NOUN,2,1,1,0.0352,False,rejected,-4.2933173190831675e-05,
auction protocols,auction protocol,NOUN+NOUN,2,1,1,0.0352,False,rejected,-4.2933173190831675e-05,
threshold functions,threshold function,NOUN+NOUN,2,1,1,0.0352,False,rejected,-4.2933173190831675e-05,
breakthrough computing,breakthrough computing,NOUN+NOUN,2,1,1,0.0352,False,rejected,-4.2933173190831675e-05,
computing power,computing power,NOUN+NOUN,2,1,1,0.0352,False,rejected,-4.2933173190831675e-05,
process activities,process activity,NOUN+NOUN,2,1,1,0.0352,False,rejected,-4.2933173190831675e-05,
grid environment,grid environment,NOUN+NOUN,2,1,1,0.0352,False,rejected,-4.2933173190831675e-05,
process monitoring,process monitoring,NOUN+NOUN,2,1,1,0.0352,False,rejected,-4.2933173190831675e-05,
hydrocarbon reservoir,hydrocarbon reservoir,NOUN+NOUN,2,1,1,0.0352,False,rejected,-4.2933173190831675e-05,
energy exploration,energy exploration,NOUN+NOUN,2,1,1,0.0352,False,rejected,-4.2933173190831675e-05,
oil fields,oil field,NOUN+NOUN,2,1,1,0.0352,False,rejected,-4.2933173190831675e-05,
oil wells,oil well,NOUN+NOUN,2,1,1,0.0352,False,rejected,-4.2933173190831675e-05,
number licenses,number license,NOUN+NOUN,2,1,1,0.0352,False,rejected,-4.2933173190831675e-05,
tigre grid,tigre grid,NOUN+NOUN,2,1,1,0.0352,False,rejected,-4.2933173190831675e-05,
gridway metascheduler,gridway metascheduler,NOUN+NOUN,2,1,1,0.0352,False,rejected,-4.2933173190831675e-05,
simulation runtime,simulation runtime,NOUN+NOUN,2,1,1,0.0352,False,rejected,-4.2933173190831675e-05,
integer program,integer program,NOUN+NOUN,2,1,1,0.0352,False,rejected,-4.2933173190831675e-05,
program formulation,program formulation,NOUN+NOUN,2,1,1,0.0352,False,rejected,-4.2933173190831675e-05,
decision variant,decision variant,NOUN+NOUN,2,1,1,0.0352,False,rejected,-4.2933173190831675e-05,
payment maximization,payment maximization,NOUN+NOUN,2,1,1,0.0352,False,rejected,-4.2933173190831675e-05,
quasilinear setting,quasilinear setting,NOUN+NOUN,2,1,1,0.0352,False,rejected,-4.2933173190831675e-05,
design question,design question,NOUN+NOUN,2,1,1,0.0352,False,rejected,-4.2933173190831675e-05,
design standpoint,design standpoint,NOUN+NOUN,2,1,1,0.0352,False,rejected,-4.2933173190831675e-05,
energy limitations,energy limitation,NOUN+NOUN,2,1,1,0.0352,False,rejected,-4.2933173190831675e-05,
adaptive duty,adaptive duty,NOUN+NOUN,2,1,1,0.0352,False,rejected,-4.2933173190831675e-05,
duty cycling,duty cycling,NOUN+NOUN,2,1,1,0.0352,False,rejected,-4.2933173190831675e-05,
cycling algorithm,cycling algorithm,NOUN+NOUN,2,1,1,0.0352,False,rejected,-4.2933173190831675e-05,
duty cycle,duty cycle,NOUN+NOUN,2,1,1,0.0352,False,rejected,-4.2933173190831675e-05,
energy availability,energy availability,NOUN+NOUN,2,1,1,0.0352,False,rejected,-4.2933173190831675e-05,
energy consumption,energy consumption,NOUN+NOUN,2,1,1,0.0352,False,rejected,-4.2933173190831675e-05,
application utility,application utility,NOUN+NOUN,2,1,1,0.0352,False,rejected,-4.2933173190831675e-05,
neutrality constraint,neutrality constraint,NOUN+NOUN,2,1,1,0.0352,False,rejected,-4.2933173190831675e-05,
energy opportunities,energy opportunity,NOUN+NOUN,2,1,1,0.0352,False,rejected,-4.2933173190831675e-05,
harvesting platform,harvesting platform,NOUN+NOUN,2,1,1,0.0352,False,rejected,-4.2933173190831675e-05,
power management,power management,NOUN+NOUN,2,1,1,0.0352,False,rejected,-4.2933173190831675e-05,
level descriptions,level description,NOUN+NOUN,2,1,1,0.0352,False,rejected,-4.2933173190831675e-05,
learning tasks,learning task,NOUN+NOUN,2,1,1,0.0352,False,rejected,-4.2933173190831675e-05,
learning decisions,learning decision,NOUN+NOUN,2,1,1,0.0352,False,rejected,-4.2933173190831675e-05,
web content,web content,NOUN+NOUN,2,1,1,0.0352,False,rejected,-4.2933173190831675e-05,
relational databases,relational database,NOUN+NOUN,2,1,1,0.0352,False,rejected,-4.2933173190831675e-05,
middleware layer,middleware layer,NOUN+NOUN,2,1,1,0.0352,False,rejected,-4.2933173190831675e-05,
consistency semantics,consistency semantic,NOUN+NOUN,2,1,1,0.0352,False,rejected,-4.2933173190831675e-05,
end database,end database,NOUN+NOUN,2,1,1,0.0352,False,rejected,-4.2933173190831675e-05,
web servers,web server,NOUN+NOUN,2,1,1,0.0352,False,rejected,-4.2933173190831675e-05,
database servers,database server,NOUN+NOUN,2,1,1,0.0352,False,rejected,-4.2933173190831675e-05,
source applications,source application,NOUN+NOUN,2,1,1,0.0352,False,rejected,-4.2933173190831675e-05,
benchmarks representative,benchmark representative,NOUN+NOUN,2,1,1,0.0352,False,rejected,-4.2933173190831675e-05,
end throughput,end throughput,NOUN+NOUN,2,1,1,0.0352,False,rejected,-4.2933173190831675e-05,
incentive issue,incentive issue,NOUN+NOUN,2,1,1,0.0352,False,rejected,-4.2933173190831675e-05,
price trading,price trading,NOUN+NOUN,2,1,1,0.0352,False,rejected,-4.2933173190831675e-05,
stock trading,stock trading,NOUN+NOUN,2,1,1,0.0352,False,rejected,-4.2933173190831675e-05,
resource failures,resource failure,NOUN+NOUN,2,1,1,0.0352,False,rejected,-4.2933173190831675e-05,
task completion,task completion,NOUN+NOUN,2,1,1,0.0352,False,rejected,-4.2933173190831675e-05,
congestion settings,congestion setting,NOUN+NOUN,2,1,1,0.0352,False,rejected,-4.2933173190831675e-05,
failure probability,failure probability,NOUN+NOUN,2,1,1,0.0352,False,rejected,-4.2933173190831675e-05,
search accuracy,search accuracy,NOUN+NOUN,2,1,1,0.0352,False,rejected,-4.2933173190831675e-05,
term overlap,term overlap,NOUN+NOUN,2,1,1,0.0352,False,rejected,-4.2933173190831675e-05,
expansion techniques,expansion technique,NOUN+NOUN,2,1,1,0.0352,False,rejected,-4.2933173190831675e-05,
document frequency,document frequency,NOUN+NOUN,2,1,1,0.0352,False,rejected,-4.2933173190831675e-05,
probability function,probability function,NOUN+NOUN,2,1,1,0.0352,False,rejected,-4.2933173190831675e-05,
document events,document event,NOUN+NOUN,2,1,1,0.0352,False,rejected,-4.2933173190831675e-05,
parameter estimation,parameter estimation,NOUN+NOUN,2,1,1,0.0352,False,rejected,-4.2933173190831675e-05,
processing times,processing time,NOUN+NOUN,2,1,1,0.0352,False,rejected,-4.2933173190831675e-05,
waiting costs,waiting cost,NOUN+NOUN,2,1,1,0.0352,False,rejected,-4.2933173190831675e-05,
value rule,value rule,NOUN+NOUN,2,1,1,0.0352,False,rejected,-4.2933173190831675e-05,
fairness axioms,fairness axiom,NOUN+NOUN,2,1,1,0.0352,False,rejected,-4.2933173190831675e-05,
independence properties,independence property,NOUN+NOUN,2,1,1,0.0352,False,rejected,-4.2933173190831675e-05,
web applications,web application,NOUN+NOUN,2,1,1,0.0352,False,rejected,-4.2933173190831675e-05,
thinclient solution,thinclient solution,NOUN+NOUN,2,1,1,0.0352,False,rejected,-4.2933173190831675e-05,
function web,function web,NOUN+NOUN,2,1,1,0.0352,False,rejected,-4.2933173190831675e-05,
application logic,application logic,NOUN+NOUN,2,1,1,0.0352,False,rejected,-4.2933173190831675e-05,
screen updates,screen update,NOUN+NOUN,2,1,1,0.0352,False,rejected,-4.2933173190831675e-05,
fidelity display,fidelity display,NOUN+NOUN,2,1,1,0.0352,False,rejected,-4.2933173190831675e-05,
screen sizes,screen size,NOUN+NOUN,2,1,1,0.0352,False,rejected,-4.2933173190831675e-05,
landscape viewing,landscape viewing,NOUN+NOUN,2,1,1,0.0352,False,rejected,-4.2933173190831675e-05,
viewing modes,viewing mode,NOUN+NOUN,2,1,1,0.0352,False,rejected,-4.2933173190831675e-05,
pda control,pda control,NOUN+NOUN,2,1,1,0.0352,False,rejected,-4.2933173190831675e-05,
control buttons,control button,NOUN+NOUN,2,1,1,0.0352,False,rejected,-4.2933173190831675e-05,
screen resolution,screen resolution,NOUN+NOUN,2,1,1,0.0352,False,rejected,-4.2933173190831675e-05,
application display,application display,NOUN+NOUN,2,1,1,0.0352,False,rejected,-4.2933173190831675e-05,
pda web,pda web,NOUN+NOUN,2,1,1,0.0352,False,rejected,-4.2933173190831675e-05,
client approaches,client approach,NOUN+NOUN,2,1,1,0.0352,False,rejected,-4.2933173190831675e-05,
browser helper,browser helper,NOUN+NOUN,2,1,1,0.0352,False,rejected,-4.2933173190831675e-05,
helper applications,helper application,NOUN+NOUN,2,1,1,0.0352,False,rejected,-4.2933173190831675e-05,
privacy attitudes,privacy attitude,NOUN+NOUN,2,1,1,0.0352,False,rejected,-4.341849712696799e-05,
decision making,decision making,NOUN+NOUN,2,1,1,0.0352,False,rejected,-4.341849712696799e-05,
making process,making process,NOUN+NOUN,2,1,1,0.0352,False,rejected,-4.341849712696799e-05,
management strategies,management strategy,NOUN+NOUN,2,1,1,0.0352,False,rejected,-4.341849712696799e-05,
end quality,end quality,NOUN+NOUN,2,1,1,0.0352,False,rejected,-4.341849712696799e-05,
adaptive resourcemanagement,adaptive resourcemanagement,NOUN+NOUN,2,1,1,0.0352,False,rejected,-4.341849712696799e-05,
resourcemanagement middleware,resourcemanagement middleware,NOUN+NOUN,2,1,1,0.0352,False,rejected,-4.341849712696799e-05,
control techniques,control technique,NOUN+NOUN,2,1,1,0.0352,False,rejected,-4.341849712696799e-05,
workload fluctuations,workload fluctuation,NOUN+NOUN,2,1,1,0.0352,False,rejected,-4.341849712696799e-05,
dre multimedia,dre multimedia,NOUN+NOUN,2,1,1,0.0352,False,rejected,-4.341849712696799e-05,
facilitate group,facilitate group,NOUN+NOUN,2,1,1,0.0352,False,rejected,-4.341849712696799e-05,
risk allocation,risk allocation,NOUN+NOUN,2,1,1,0.0352,False,rejected,-4.341849712696799e-05,
market institution,market institution,NOUN+NOUN,2,1,1,0.0352,False,rejected,-4.341849712696799e-05,
event resolution,event resolution,NOUN+NOUN,2,1,1,0.0352,False,rejected,-4.341849712696799e-05,
trader interface,trader interface,NOUN+NOUN,2,1,1,0.0352,False,rejected,-4.341849712696799e-05,
auction format,auction format,NOUN+NOUN,2,1,1,0.0352,False,rejected,-4.341849712696799e-05,
ask queues,ask queue,NOUN+NOUN,2,1,1,0.0352,False,rejected,-4.341849712696799e-05,
addition variable,addition variable,NOUN+NOUN,2,1,1,0.0352,False,rejected,-4.341849712696799e-05,
market maker,market maker,NOUN+NOUN,2,1,1,0.0352,False,rejected,-4.341849712696799e-05,
document processing,document processing,NOUN+NOUN,2,1,1,0.0352,False,rejected,-4.341849712696799e-05,
document editing,document editing,NOUN+NOUN,2,1,1,0.0352,False,rejected,-4.341849712696799e-05,
database techniques,database technique,NOUN+NOUN,2,1,1,0.0352,False,rejected,-4.341849712696799e-05,
collaboration scenarios,collaboration scenario,NOUN+NOUN,2,1,1,0.0352,False,rejected,-4.341849712696799e-05,
date documents,date document,NOUN+NOUN,2,1,1,0.0352,False,rejected,-4.341849712696799e-05,
query evaluation,query evaluation,NOUN+NOUN,2,1,1,0.0352,False,rejected,-4.341849712696799e-05,
architecture act,architecture act,NOUN+NOUN,2,1,1,0.0352,False,rejected,-4.341849712696799e-05,
network latency,network latency,NOUN+NOUN,2,1,1,0.0352,False,rejected,-4.341849712696799e-05,
server congestions,server congestion,NOUN+NOUN,2,1,1,0.0352,False,rejected,-4.341849712696799e-05,
preference aggregation,preference aggregation,NOUN+NOUN,2,1,1,0.0352,False,rejected,-4.341849712696799e-05,
design optimization,design optimization,NOUN+NOUN,2,1,1,0.0352,False,rejected,-4.341849712696799e-05,
demand delivery,demand delivery,NOUN+NOUN,2,1,1,0.0352,False,rejected,-4.341849712696799e-05,
video clips,video clip,NOUN+NOUN,2,1,1,0.0352,False,rejected,-4.341849712696799e-05,
target environment,target environment,NOUN+NOUN,2,1,1,0.0352,False,rejected,-4.341849712696799e-05,
car density,car density,NOUN+NOUN,2,1,1,0.0352,False,rejected,-4.341849712696799e-05,
car routes,car route,NOUN+NOUN,2,1,1,0.0352,False,rejected,-4.341849712696799e-05,
popularity distribution,popularity distribution,NOUN+NOUN,2,1,1,0.0352,False,rejected,-4.341849712696799e-05,
monotonicity property,monotonicity property,NOUN+NOUN,2,1,1,0.0352,False,rejected,-4.390280025813598e-05,
line advertising,line advertising,NOUN+NOUN,2,1,1,0.0352,False,rejected,-4.390280025813598e-05,
computer science,computer science,NOUN+NOUN,2,1,1,0.0352,False,rejected,-4.390280025813598e-05,
science perspective,science perspective,NOUN+NOUN,2,1,1,0.0352,False,rejected,-4.390280025813598e-05,
matching strategy,matching strategy,NOUN+NOUN,2,1,1,0.0352,False,rejected,-4.390280025813598e-05,
precision figures,precision figure,NOUN+NOUN,2,1,1,0.0352,False,rejected,-4.390280025813598e-05,
impedance coupling,impedance coupling,NOUN+NOUN,2,1,1,0.0352,False,rejected,-4.390280025813598e-05,
coupling strategy,coupling strategy,NOUN+NOUN,2,1,1,0.0352,False,rejected,-4.390280025813598e-05,
core tasks,core task,NOUN+NOUN,2,1,1,0.0352,False,rejected,-4.390280025813598e-05,
art baseline,art baseline,NOUN+NOUN,2,1,1,0.0352,False,rejected,-4.390280025813598e-05,
retrieval scores,retrieval score,NOUN+NOUN,2,1,1,0.0352,False,rejected,-4.390280025813598e-05,
sensor devices,sensor device,NOUN+NOUN,2,1,1,0.0352,False,rejected,-4.390280025813598e-05,
node localization,node localization,NOUN+NOUN,2,1,1,0.0352,False,rejected,-4.390280025813598e-05,
msp design,msp design,NOUN+NOUN,2,1,1,0.0352,False,rejected,-4.390280025813598e-05,
sequence flip,sequence flip,NOUN+NOUN,2,1,1,0.0352,False,rejected,-4.390280025813598e-05,
mirage test,mirage test,NOUN+NOUN,2,1,1,0.0352,False,rejected,-4.390280025813598e-05,
strategy implementations,strategy implementation,NOUN+NOUN,2,1,1,0.0352,False,rejected,-4.390280025813598e-05,
parameter domains,parameter domain,NOUN+NOUN,2,1,1,0.0352,False,rejected,-4.390280025813598e-05,
strategy concept,strategy concept,NOUN+NOUN,2,1,1,0.0352,False,rejected,-4.390280025813598e-05,
purpose mechanisms,purpose mechanism,NOUN+NOUN,2,1,1,0.0352,False,rejected,-4.390280025813598e-05,
network structure,network structure,NOUN+NOUN,2,1,1,0.0352,False,rejected,-4.390280025813598e-05,
peer network,peer network,NOUN+NOUN,2,1,1,0.0352,False,rejected,-4.390280025813598e-05,
network mechanism,network mechanism,NOUN+NOUN,2,1,1,0.0352,False,rejected,-4.390280025813598e-05,
file sharing,file sharing,NOUN+NOUN,2,1,1,0.0352,False,rejected,-4.390280025813598e-05,
processing devices,processing device,NOUN+NOUN,2,1,1,0.0352,False,rejected,-4.390280025813598e-05,
emergency situations,emergency situation,NOUN+NOUN,2,1,1,0.0352,False,rejected,-4.390280025813598e-05,
wilderness areas,wilderness area,NOUN+NOUN,2,1,1,0.0352,False,rejected,-4.390280025813598e-05,
storage capability,storage capability,NOUN+NOUN,2,1,1,0.0352,False,rejected,-4.390280025813598e-05,
battery power,battery power,NOUN+NOUN,2,1,1,0.0352,False,rejected,-4.390280025813598e-05,
network connectivity,network connectivity,NOUN+NOUN,2,1,1,0.0352,False,rejected,-4.390280025813598e-05,
processing center,processing center,NOUN+NOUN,2,1,1,0.0352,False,rejected,-4.390280025813598e-05,
control aspects,control aspect,NOUN+NOUN,2,1,1,0.0352,False,rejected,-4.390280025813598e-05,
traffic management,traffic management,NOUN+NOUN,2,1,1,0.0352,False,rejected,-4.390280025813598e-05,
team robotics,team robotic,NOUN+NOUN,2,1,1,0.0352,False,rejected,-4.390280025813598e-05,
home automation,home automation,NOUN+NOUN,2,1,1,0.0352,False,rejected,-4.390280025813598e-05,
safety criticality,safety criticality,NOUN+NOUN,2,1,1,0.0352,False,rejected,-4.390280025813598e-05,
design decision,design decision,NOUN+NOUN,2,1,1,0.0352,False,rejected,-4.390280025813598e-05,
software components,software component,NOUN+NOUN,2,1,1,0.0352,False,rejected,-4.390280025813598e-05,
world events,world event,NOUN+NOUN,2,1,1,0.0352,False,rejected,-4.390280025813598e-05,
event architecture,event architecture,NOUN+NOUN,2,1,1,0.0352,False,rejected,-4.390280025813598e-05,
architecture gear,architecture gear,NOUN+NOUN,2,1,1,0.0352,False,rejected,-4.390280025813598e-05,
communication channels,communication channel,NOUN+NOUN,2,1,1,0.0352,False,rejected,-4.390280025813598e-05,
network resources,network resource,NOUN+NOUN,2,1,1,0.0352,False,rejected,-4.438608496236396e-05,
event dissemination,event dissemination,NOUN+NOUN,2,1,1,0.0352,False,rejected,-4.438608496236396e-05,
forecast accuracy,forecast accuracy,NOUN+NOUN,2,1,1,0.0352,False,rejected,-4.438608496236396e-05,
expert aggregation,expert aggregation,NOUN+NOUN,2,1,1,0.0352,False,rejected,-4.438608496236396e-05,
probability judgments,probability judgment,NOUN+NOUN,2,1,1,0.0352,False,rejected,-4.438608496236396e-05,
league games,league game,NOUN+NOUN,2,1,1,0.0352,False,rejected,-4.438608496236396e-05,
market probabilities,market probability,NOUN+NOUN,2,1,1,0.0352,False,rejected,-4.438608496236396e-05,
market predictions,market prediction,NOUN+NOUN,2,1,1,0.0352,False,rejected,-4.438608496236396e-05,
expert predictions,expert prediction,NOUN+NOUN,2,1,1,0.0352,False,rejected,-4.438608496236396e-05,
pooling function,pooling function,NOUN+NOUN,2,1,1,0.0352,False,rejected,-4.438608496236396e-05,
opinion pooling,opinion pooling,NOUN+NOUN,2,1,1,0.0352,False,rejected,-4.438608496236396e-05,
network layers,network layer,NOUN+NOUN,2,1,1,0.0352,False,rejected,-4.438608496236396e-05,
location accuracy,location accuracy,NOUN+NOUN,2,1,1,0.0352,False,rejected,-4.438608496236396e-05,
energy expenditure,energy expenditure,NOUN+NOUN,2,1,1,0.0352,False,rejected,-4.438608496236396e-05,
localization phase,localization phase,NOUN+NOUN,2,1,1,0.0352,False,rejected,-4.438608496236396e-05,
network localization,network localization,NOUN+NOUN,2,1,1,0.0352,False,rejected,-4.438608496236396e-05,
stardust framework,stardust framework,NOUN+NOUN,2,1,1,0.0352,False,rejected,-4.438608496236396e-05,
device projects,device project,NOUN+NOUN,2,1,1,0.0352,False,rejected,-4.438608496236396e-05,
projects light,project light,NOUN+NOUN,2,1,1,0.0352,False,rejected,-4.438608496236396e-05,
image processing,image processing,NOUN+NOUN,2,1,1,0.0352,False,rejected,-4.438608496236396e-05,
label relaxation,label relaxation,NOUN+NOUN,2,1,1,0.0352,False,rejected,-4.438608496236396e-05,
localization techniques,localization technique,NOUN+NOUN,2,1,1,0.0352,False,rejected,-4.438608496236396e-05,
deployment location,deployment location,NOUN+NOUN,2,1,1,0.0352,False,rejected,-4.438608496236396e-05,
price discovery,price discovery,NOUN+NOUN,2,1,1,0.0352,False,rejected,-4.438608496236396e-05,
bidder valuations,bidder valuation,NOUN+NOUN,2,1,1,0.0352,False,rejected,-4.438608496236396e-05,
revealedpreference activity,revealedpreference activity,NOUN+NOUN,2,1,1,0.0352,False,rejected,-4.438608496236396e-05,
activity rule,activity rule,NOUN+NOUN,2,1,1,0.0352,False,rejected,-4.438608496236396e-05,
validation phase,validation phase,NOUN+NOUN,2,1,1,0.0352,False,rejected,-4.438608496236396e-05,
concept relationships,concept relationship,NOUN+NOUN,2,1,1,0.0352,False,rejected,-4.438608496236396e-05,
document representations,document representation,NOUN+NOUN,2,1,1,0.0352,False,rejected,-4.438608496236396e-05,
text representations,text representation,NOUN+NOUN,2,1,1,0.0352,False,rejected,-4.438608496236396e-05,
multiplayer games,multiplayer game,NOUN+NOUN,2,1,1,0.0352,False,rejected,-4.438608496236396e-05,
market participants,market participant,NOUN+NOUN,2,1,1,0.0352,False,rejected,-4.438608496236396e-05,
market mechanism,market mechanism,NOUN+NOUN,2,1,1,0.0352,False,rejected,-4.438608496236396e-05,
price range,price range,NOUN+NOUN,2,1,1,0.0352,False,rejected,-4.438608496236396e-05,
seller pair,seller pair,NOUN+NOUN,2,1,1,0.0352,False,rejected,-4.438608496236396e-05,
server nodes,server node,NOUN+NOUN,2,1,1,0.0352,False,rejected,-4.438608496236396e-05,
network topologies,network topology,NOUN+NOUN,2,1,1,0.0352,False,rejected,-4.438608496236396e-05,
servers incentive,server incentive,NOUN+NOUN,2,1,1,0.0352,False,rejected,-4.438608496236396e-05,
range constraints,range constraint,NOUN+NOUN,2,1,1,0.0352,False,rejected,-4.438608496236396e-05,
inequality constraints,inequality constraint,NOUN+NOUN,2,1,1,0.0352,False,rejected,-4.438608496236396e-05,
envisions separation,envision separation,NOUN+NOUN,2,1,1,0.0352,False,rejected,-4.438608496236396e-05,
proxy tier,proxy tier,NOUN+NOUN,2,1,1,0.0352,False,rejected,-4.438608496236396e-05,
index structure,index structure,NOUN+NOUN,2,1,1,0.0352,False,rejected,-4.438608496236396e-05,
interval skip,interval skip,NOUN+NOUN,2,1,1,0.0352,False,rejected,-4.438608496236396e-05,
skip graph,skip graph,NOUN+NOUN,2,1,1,0.0352,False,rejected,-4.438608496236396e-05,
value queries,value query,NOUN+NOUN,2,1,1,0.0352,False,rejected,-4.438608496236396e-05,
sensor tier,sensor tier,NOUN+NOUN,2,1,1,0.0352,False,rejected,-4.438608496236396e-05,
adaptive summarization,adaptive summarization,NOUN+NOUN,2,1,1,0.0352,False,rejected,-4.438608496236396e-05,
grain index,grain index,NOUN+NOUN,2,1,1,0.0352,False,rejected,-4.438608496236396e-05,
error measure,error measure,NOUN+NOUN,2,1,1,0.0352,False,rejected,-4.438608496236396e-05,
scheduling algorithm,scheduling algorithm,NOUN+NOUN,2,1,1,0.0352,False,rejected,-4.438608496236396e-05,
decision threshold,decision threshold,NOUN+NOUN,2,1,1,0.0352,False,rejected,-4.438608496236396e-05,
quality estimates,quality estimate,NOUN+NOUN,2,1,1,0.0352,False,rejected,-4.438608496236396e-05,
score distribution,score distribution,NOUN+NOUN,2,1,1,0.0352,False,rejected,-4.438608496236396e-05,
utility framework,utility framework,NOUN+NOUN,2,1,1,0.0352,False,rejected,-4.438608496236396e-05,
database recommendation,database recommendation,NOUN+NOUN,2,1,1,0.0352,False,rejected,-4.438608496236396e-05,
precision goal,precision goal,NOUN+NOUN,2,1,1,0.0352,False,rejected,-4.438608496236396e-05,
art algorithms,art algorithm,NOUN+NOUN,2,1,1,0.0352,False,rejected,-4.438608496236396e-05,
retrieval evaluation,retrieval evaluation,NOUN+NOUN,2,1,1,0.0352,False,rejected,-4.438608496236396e-05,
topics graph,topic graph,NOUN+NOUN,2,1,1,0.0352,False,rejected,-4.438608496236396e-05,
effectiveness measures,effectiveness measure,NOUN+NOUN,2,1,1,0.0352,False,rejected,-4.438608496236396e-05,
clef campaigns,clef campaign,NOUN+NOUN,2,1,1,0.0352,False,rejected,-4.438608496236396e-05,
proximity measures,proximity measure,NOUN+NOUN,2,1,1,0.0352,False,rejected,-4.438608496236396e-05,
success factor,success factor,NOUN+NOUN,2,1,1,0.0352,False,rejected,-4.438608496236396e-05,
purpose measures,purpose measure,NOUN+NOUN,2,1,1,0.0352,False,rejected,-4.438608496236396e-05,
media collections,medium collection,NOUN+NOUN,2,1,1,0.0352,False,rejected,-4.438608496236396e-05,
budget resource,budget resource,NOUN+NOUN,2,1,1,0.0352,False,rejected,-4.438608496236396e-05,
allocation game,allocation game,NOUN+NOUN,2,1,1,0.0352,False,rejected,-4.438608496236396e-05,
utility uniformity,utility uniformity,NOUN+NOUN,2,1,1,0.0352,False,rejected,-4.438608496236396e-05,
allocation scheme,allocation scheme,NOUN+NOUN,2,1,1,0.0352,False,rejected,-4.438608496236396e-05,
control messages,control message,NOUN+NOUN,2,1,1,0.0352,False,rejected,-4.438608496236396e-05,
fly computation,fly computation,NOUN+NOUN,2,1,1,0.0352,False,rejected,-4.438608496236396e-05,
causality relation,causality relation,NOUN+NOUN,2,1,1,0.0352,False,rejected,-4.438608496236396e-05,
application messages,application message,NOUN+NOUN,2,1,1,0.0352,False,rejected,-4.438608496236396e-05,
message size,message size,NOUN+NOUN,2,1,1,0.0352,False,rejected,-4.438608496236396e-05,
demand queries,demand query,NOUN+NOUN,2,1,1,0.0352,False,rejected,-4.438608496236396e-05,
internet industry,internet industry,NOUN+NOUN,2,1,1,0.0352,False,rejected,-4.438608496236396e-05,
monitoring capability,monitoring capability,NOUN+NOUN,2,1,1,0.0352,False,rejected,-4.438608496236396e-05,
innovation characteristics,innovation characteristic,NOUN+NOUN,2,1,1,0.0352,False,rejected,-4.438608496236396e-05,
communicating endpoints,communicating endpoint,NOUN+NOUN,2,1,1,0.0352,False,rejected,-4.438608496236396e-05,
end transmission,end transmission,NOUN+NOUN,2,1,1,0.0352,False,rejected,-4.438608496236396e-05,
endpoints contract,endpoint contract,NOUN+NOUN,2,1,1,0.0352,False,rejected,-4.438608496236396e-05,
downstream router,downstream router,NOUN+NOUN,2,1,1,0.0352,False,rejected,-4.438608496236396e-05,
hop monitoring,hop monitoring,NOUN+NOUN,2,1,1,0.0352,False,rejected,-4.438608496236396e-05,
paradigm shift,paradigm shift,NOUN+NOUN,2,1,1,0.0352,False,rejected,-4.438608496236396e-05,
trouble reports,trouble report,NOUN+NOUN,2,1,1,0.0352,False,rejected,-4.438608496236396e-05,
service agreements,service agreement,NOUN+NOUN,2,1,1,0.0352,False,rejected,-4.438608496236396e-05,
process management,process management,NOUN+NOUN,2,1,1,0.0352,False,rejected,-4.438608496236396e-05,
infrastructure library,infrastructure library,NOUN+NOUN,2,1,1,0.0352,False,rejected,-4.438608496236396e-05,
operations map,operation map,NOUN+NOUN,2,1,1,0.0352,False,rejected,-4.438608496236396e-05,
service management,service management,NOUN+NOUN,2,1,1,0.0352,False,rejected,-4.438608496236396e-05,
example scenario,example scenario,NOUN+NOUN,2,1,1,0.0352,False,rejected,-4.438608496236396e-05,
leibniz supercomputing,leibniz supercomputing,NOUN+NOUN,2,1,1,0.0352,False,rejected,-4.438608496236396e-05,
supercomputing center,supercomputing center,NOUN+NOUN,2,1,1,0.0352,False,rejected,-4.438608496236396e-05,
web mining,web mining,NOUN+NOUN,2,1,1,0.0352,False,rejected,-4.438608496236396e-05,
page classification,page classification,NOUN+NOUN,2,1,1,0.0352,False,rejected,-4.438608496236396e-05,
authority features,authority feature,NOUN+NOUN,2,1,1,0.0352,False,rejected,-4.438608496236396e-05,
document features,document feature,NOUN+NOUN,2,1,1,0.0352,False,rejected,-4.438608496236396e-05,
linkage adjacency,linkage adjacency,NOUN+NOUN,2,1,1,0.0352,False,rejected,-4.438608496236396e-05,
adjacency matrix,adjacency matrix,NOUN+NOUN,2,1,1,0.0352,False,rejected,-4.438608496236396e-05,
term matrix,term matrix,NOUN+NOUN,2,1,1,0.0352,False,rejected,-4.438608496236396e-05,
factor space,factor space,NOUN+NOUN,2,1,1,0.0352,False,rejected,-4.438608496236396e-05,
authority factors,authority factor,NOUN+NOUN,2,1,1,0.0352,False,rejected,-4.438608496236396e-05,
hypertext classification,hypertext classification,NOUN+NOUN,2,1,1,0.0352,False,rejected,-4.438608496236396e-05,
lack relationships,lack relationship,NOUN+NOUN,2,1,1,0.0352,False,rejected,-4.438608496236396e-05,
photo search,photo search,NOUN+NOUN,2,1,1,0.0352,False,rejected,-4.438608496236396e-05,
test bed,test bed,NOUN+NOUN,2,1,1,0.0352,False,rejected,-4.438608496236396e-05,
score fusion,score fusion,NOUN+NOUN,2,1,1,0.0352,False,rejected,-4.438608496236396e-05,
web forums,web forum,NOUN+NOUN,2,1,1,0.0352,False,rejected,-4.438608496236396e-05,
photo detection,photo detection,NOUN+NOUN,2,1,1,0.0352,False,rejected,-4.438608496236396e-05,
score differences,score difference,NOUN+NOUN,2,1,1,0.0352,False,rejected,-4.438608496236396e-05,
photo ranking,photo ranking,NOUN+NOUN,2,1,1,0.0352,False,rejected,-4.438608496236396e-05,
movie ranking,movie ranking,NOUN+NOUN,2,1,1,0.0352,False,rejected,-4.438608496236396e-05,
art text,art text,NOUN+NOUN,2,1,1,0.0352,False,rejected,-4.438608496236396e-05,
gain measurements,gain measurement,NOUN+NOUN,2,1,1,0.0352,False,rejected,-4.438608496236396e-05,
search crawl,search crawl,NOUN+NOUN,2,1,1,0.0352,False,rejected,-4.438608496236396e-05,
outperforms pagerank,outperform pagerank,NOUN+NOUN,2,1,1,0.0352,False,rejected,-4.438608496236396e-05,
query specificity,query specificity,NOUN+NOUN,2,1,1,0.0352,False,rejected,-4.438608496236396e-05,
web today,web today,NOUN+NOUN,2,1,1,0.0352,False,rejected,-4.438608496236396e-05,
search interfaces,search interface,NOUN+NOUN,2,1,1,0.0352,False,rejected,-4.438608496236396e-05,
search form,search form,NOUN+NOUN,2,1,1,0.0352,False,rejected,-4.438608496236396e-05,
entry point,entry point,NOUN+NOUN,2,1,1,0.0352,False,rejected,-4.438608496236396e-05,
query interface,query interface,NOUN+NOUN,2,1,1,0.0352,False,rejected,-4.438608496236396e-05,
query generation,query generation,NOUN+NOUN,2,1,1,0.0352,False,rejected,-4.438608496236396e-05,
search task,search task,NOUN+NOUN,2,1,1,0.0352,False,rejected,-4.438608496236396e-05,
task complexity,task complexity,NOUN+NOUN,2,1,1,0.0352,False,rejected,-4.438608496236396e-05,
search experience,search experience,NOUN+NOUN,2,1,1,0.0352,False,rejected,-4.438608496236396e-05,
query events,query event,NOUN+NOUN,2,1,1,0.0352,False,rejected,-4.438608496236396e-05,
query distributions,query distribution,NOUN+NOUN,2,1,1,0.0352,False,rejected,-4.438608496236396e-05,
network size,network size,NOUN+NOUN,2,1,1,0.0352,False,rejected,-4.438608496236396e-05,
costs scale,cost scale,NOUN+NOUN,2,1,1,0.0352,False,rejected,-4.438608496236396e-05,
aggregation process,aggregation process,NOUN+NOUN,2,1,1,0.0352,False,rejected,-4.438608496236396e-05,
nearestneighbor collaborative,nearestneighbor collaborative,NOUN+NOUN,2,1,1,0.0352,False,rejected,-4.438608496236396e-05,
collaborative filtering,collaborative filtering,NOUN+NOUN,2,1,1,0.0352,False,rejected,-4.438608496236396e-05,
rating subspaces,rating subspace,NOUN+NOUN,2,1,1,0.0352,False,rejected,-4.438608496236396e-05,
rating roles,rating role,NOUN+NOUN,2,1,1,0.0352,False,rejected,-4.438608496236396e-05,
communication paradigms,communication paradigm,NOUN+NOUN,2,1,1,0.0352,False,rejected,-4.438608496236396e-05,
backbone network,backbone network,NOUN+NOUN,2,1,1,0.0352,False,rejected,-4.438608496236396e-05,
design challenges,design challenge,NOUN+NOUN,2,1,1,0.0352,False,rejected,-4.438608496236396e-05,
research roadmap,research roadmap,NOUN+NOUN,2,1,1,0.0352,False,rejected,-4.438608496236396e-05,
communication protocol,communication protocol,NOUN+NOUN,2,1,1,0.0352,False,rejected,-4.438608496236396e-05,
communication requirements,communication requirement,NOUN+NOUN,2,1,1,0.0352,False,rejected,-4.438608496236396e-05,
grid middleware,grid middleware,NOUN+NOUN,2,1,1,0.0352,False,rejected,-4.438608496236396e-05,
search techniques,search technique,NOUN+NOUN,2,1,1,0.0352,False,rejected,-4.438608496236396e-05,
outcome features,outcome feature,NOUN+NOUN,2,1,1,0.0352,False,rejected,-4.438608496236396e-05,
design task,design task,NOUN+NOUN,2,1,1,0.0352,False,rejected,-4.438608496236396e-05,
chain trading,chain trading,NOUN+NOUN,2,1,1,0.0352,False,rejected,-4.438608496236396e-05,
trading competition,trading competition,NOUN+NOUN,2,1,1,0.0352,False,rejected,-4.438608496236396e-05,
rule changes,rule change,NOUN+NOUN,2,1,1,0.0352,False,rejected,-4.438608496236396e-05,
procurement behavior,procurement behavior,NOUN+NOUN,2,1,1,0.0352,False,rejected,-4.438608496236396e-05,
design parameter,design parameter,NOUN+NOUN,2,1,1,0.0352,False,rejected,-4.438608496236396e-05,
gaming architecture,gaming architecture,NOUN+NOUN,2,1,1,0.0352,False,rejected,-4.438608496236396e-05,
game architecture,game architecture,NOUN+NOUN,2,1,1,0.0352,False,rejected,-4.438608496236396e-05,
game clients,game client,NOUN+NOUN,2,1,1,0.0352,False,rejected,-4.438608496236396e-05,
game proxies,game proxy,NOUN+NOUN,2,1,1,0.0352,False,rejected,-4.438608496236396e-05,
game servers,game server,NOUN+NOUN,2,1,1,0.0352,False,rejected,-4.438608496236396e-05,
game state,game state,NOUN+NOUN,2,1,1,0.0352,False,rejected,-4.438608496236396e-05,
architecture support,architecture support,NOUN+NOUN,2,1,1,0.0352,False,rejected,-4.438608496236396e-05,
support clients,support client,NOUN+NOUN,2,1,1,0.0352,False,rejected,-4.438608496236396e-05,
game space,game space,NOUN+NOUN,2,1,1,0.0352,False,rejected,-4.438608496236396e-05,
assignment mechanism,assignment mechanism,NOUN+NOUN,2,1,1,0.0352,False,rejected,-4.438608496236396e-05,
event basis,event basis,NOUN+NOUN,2,1,1,0.0352,False,rejected,-4.438608496236396e-05,
cheat detection,cheat detection,NOUN+NOUN,2,1,1,0.0352,False,rejected,-4.438608496236396e-05,
detection techniques,detection technique,NOUN+NOUN,2,1,1,0.0352,False,rejected,-4.438608496236396e-05,
network setting,network setting,NOUN+NOUN,2,1,1,0.0352,False,rejected,-4.438608496236396e-05,
production network,production network,NOUN+NOUN,2,1,1,0.0352,False,rejected,-4.486835361119934e-05,
epidemic routing,epidemic routing,NOUN+NOUN,2,1,1,0.0352,False,rejected,-4.486835361119934e-05,
routing protocols,routing protocol,NOUN+NOUN,2,1,1,0.0352,False,rejected,-4.486835361119934e-05,
action requests,action request,NOUN+NOUN,2,1,1,0.0352,False,rejected,-4.486835361119934e-05,
folder assignment,folder assignment,NOUN+NOUN,2,1,1,0.0352,False,rejected,-4.486835361119934e-05,
flag emails,flag email,NOUN+NOUN,2,1,1,0.0352,False,rejected,-4.486835361119934e-05,
words classification,word classification,NOUN+NOUN,2,1,1,0.0352,False,rejected,-4.486835361119934e-05,
feature sets,feature set,NOUN+NOUN,2,1,1,0.0352,False,rejected,-4.486835361119934e-05,
feature selection,feature selection,NOUN+NOUN,2,1,1,0.0352,False,rejected,-4.486835361119934e-05,
item location,item location,NOUN+NOUN,2,1,1,0.0352,False,rejected,-4.486835361119934e-05,
cases state,case state,NOUN+NOUN,2,1,1,0.0352,False,rejected,-4.486835361119934e-05,
art classifiers,art classifier,NOUN+NOUN,2,1,1,0.0352,False,rejected,-4.486835361119934e-05,
scale counterparts,scale counterpart,NOUN+NOUN,2,1,1,0.0352,False,rejected,-4.486835361119934e-05,
search capability,search capability,NOUN+NOUN,2,1,1,0.0352,False,rejected,-4.486835361119934e-05,
scale search,scale search,NOUN+NOUN,2,1,1,0.0352,False,rejected,-4.486835361119934e-05,
search domain,search domain,NOUN+NOUN,2,1,1,0.0352,False,rejected,-4.486835361119934e-05,
pagerank estimates,pagerank estimate,NOUN+NOUN,2,1,1,0.0352,False,rejected,-4.486835361119934e-05,
passage retrieval,passage retrieval,NOUN+NOUN,2,1,1,0.0352,False,rejected,-4.486835361119934e-05,
genomics track,genomic track,NOUN+NOUN,2,1,1,0.0352,False,rejected,-4.486835361119934e-05,
keyword bidding,keyword bidding,NOUN+NOUN,2,1,1,0.0352,False,rejected,-4.486835361119934e-05,
engine advertisement,engine advertisement,NOUN+NOUN,2,1,1,0.0352,False,rejected,-4.486835361119934e-05,
translation technologies,translation technology,NOUN+NOUN,2,1,1,0.0352,False,rejected,-4.486835361119934e-05,
word translation,word translation,NOUN+NOUN,2,1,1,0.0352,False,rejected,-4.486835361119934e-05,
translation relations,translation relation,NOUN+NOUN,2,1,1,0.0352,False,rejected,-4.486835361119934e-05,
word co,word co,NOUN+NOUN,2,1,1,0.0352,False,rejected,-4.486835361119934e-05,
query similarity,query similarity,NOUN+NOUN,2,1,1,0.0352,False,rejected,-4.486835361119934e-05,
clir tasks,clir task,NOUN+NOUN,2,1,1,0.0352,False,rejected,-4.486835361119934e-05,
web archives,web archive,NOUN+NOUN,2,1,1,0.0352,False,rejected,-4.486835361119934e-05,
travel text,travel text,NOUN+NOUN,2,1,1,0.0352,False,rejected,-4.486835361119934e-05,
file index,file index,NOUN+NOUN,2,1,1,0.0352,False,rejected,-4.486835361119934e-05,
travel queries,travel query,NOUN+NOUN,2,1,1,0.0352,False,rejected,-4.486835361119934e-05,
world datasets,world dataset,NOUN+NOUN,2,1,1,0.0352,False,rejected,-4.486835361119934e-05,
text collections,text collection,NOUN+NOUN,2,1,1,0.0352,False,rejected,-4.486835361119934e-05,
criteria framework,criterion framework,NOUN+NOUN,2,1,1,0.0352,False,rejected,-4.486835361119934e-05,
aggregation mechanisms,aggregation mechanism,NOUN+NOUN,2,1,1,0.0352,False,rejected,-4.486835361119934e-05,
decision rules,decision rule,NOUN+NOUN,2,1,1,0.0352,False,rejected,-4.486835361119934e-05,
combmnz operators,combmnz operator,NOUN+NOUN,2,1,1,0.0352,False,rejected,-4.486835361119934e-05,
topic detection,topic detection,NOUN+NOUN,2,1,1,0.0352,False,rejected,-4.486835361119934e-05,
retrieval conferences,retrieval conference,NOUN+NOUN,2,1,1,0.0352,False,rejected,-4.486835361119934e-05,
granularity levels,granularity level,NOUN+NOUN,2,1,1,0.0352,False,rejected,-4.486835361119934e-05,
utility settings,utility setting,NOUN+NOUN,2,1,1,0.0352,False,rejected,-4.486835361119934e-05,
tracking cost,tracking cost,NOUN+NOUN,2,1,1,0.0352,False,rejected,-4.486835361119934e-05,
parameter optimization,parameter optimization,NOUN+NOUN,2,1,1,0.0352,False,rejected,-4.486835361119934e-05,
test documents,test document,NOUN+NOUN,2,1,1,0.0352,False,rejected,-4.486835361119934e-05,
microphone array,microphone array,NOUN+NOUN,2,1,1,0.0352,False,rejected,-4.486835361119934e-05,
cots micaz,cot micaz,NOUN+NOUN,2,1,1,0.0352,False,rejected,-4.486835361119934e-05,
custom sensorboard,custom sensorboard,NOUN+NOUN,2,1,1,0.0352,False,rejected,-4.486835361119934e-05,
estimation algorithms,estimation algorithm,NOUN+NOUN,2,1,1,0.0352,False,rejected,-4.486835361119934e-05,
axis compass,axis compass,NOUN+NOUN,2,1,1,0.0352,False,rejected,-4.486835361119934e-05,
self orientation,self orientation,NOUN+NOUN,2,1,1,0.0352,False,rejected,-4.486835361119934e-05,
muzzle blasts,muzzle blast,NOUN+NOUN,2,1,1,0.0352,False,rejected,-4.534960856959758e-05,
degree trajectory,degree trajectory,NOUN+NOUN,2,1,1,0.0352,False,rejected,-4.582985219610258e-05,
trajectory precision,trajectory precision,NOUN+NOUN,2,1,1,0.0352,False,rejected,-4.582985219610258e-05,
weapon estimation,weapon estimation,NOUN+NOUN,2,1,1,0.0352,False,rejected,-4.582985219610258e-05,
ad listings,ad listing,NOUN+NOUN,2,1,1,0.0352,False,rejected,-4.582985219610258e-05,
style mechanism,style mechanism,NOUN+NOUN,2,1,1,0.0352,False,rejected,-4.582985219610258e-05,
merchant bids,merchant bid,NOUN+NOUN,2,1,1,0.0352,False,rejected,-4.582985219610258e-05,
revenue properties,revenue property,NOUN+NOUN,2,1,1,0.0352,False,rejected,-4.582985219610258e-05,
slot auction,slot auction,NOUN+NOUN,2,1,1,0.0352,False,rejected,-4.582985219610258e-05,
price payment,price payment,NOUN+NOUN,2,1,1,0.0352,False,rejected,-4.582985219610258e-05,
payment rules,payment rule,NOUN+NOUN,2,1,1,0.0352,False,rejected,-4.582985219610258e-05,
revenue ranking,revenue ranking,NOUN+NOUN,2,1,1,0.0352,False,rejected,-4.582985219610258e-05,
bidder values,bidder value,NOUN+NOUN,2,1,1,0.0352,False,rejected,-4.582985219610258e-05,
price sale,price sale,NOUN+NOUN,2,1,1,0.0352,False,rejected,-4.582985219610258e-05,
bid values,bid value,NOUN+NOUN,2,1,1,0.0352,False,rejected,-4.582985219610258e-05,
honeycomb structure,honeycomb structure,NOUN+NOUN,2,1,1,0.0352,False,rejected,-4.582985219610258e-05,
cost identities,cost identity,NOUN+NOUN,2,1,1,0.0352,False,rejected,-4.582985219610258e-05,
decision function,decision function,NOUN+NOUN,2,1,1,0.0352,False,rejected,-4.582985219610258e-05,
incentives techniques,incentive technique,NOUN+NOUN,2,1,1,0.0352,False,rejected,-4.582985219610258e-05,
server selection,server selection,NOUN+NOUN,2,1,1,0.0352,False,rejected,-4.582985219610258e-05,
multiagent coordination,multiagent coordination,NOUN+NOUN,2,1,1,0.0352,False,rejected,-4.582985219610258e-05,
determination algorithms,determination algorithm,NOUN+NOUN,2,1,1,0.0352,False,rejected,-4.582985219610258e-05,
bidding algorithms,bidding algorithm,NOUN+NOUN,2,1,1,0.0352,False,rejected,-4.582985219610258e-05,
network failures,network failure,NOUN+NOUN,2,1,1,0.0352,False,rejected,-4.582985219610258e-05,
hash tables,hash table,NOUN+NOUN,2,1,1,0.0352,False,rejected,-4.582985219610258e-05,
aggregation trees,aggregation tree,NOUN+NOUN,2,1,1,0.0352,False,rejected,-4.582985219610258e-05,
network reconfigurations,network reconfiguration,NOUN+NOUN,2,1,1,0.0352,False,rejected,-4.582985219610258e-05,
demand reaggregation,demand reaggregation,NOUN+NOUN,2,1,1,0.0352,False,rejected,-4.582985219610258e-05,
isolation properties,isolation property,NOUN+NOUN,2,1,1,0.0352,False,rejected,-4.582985219610258e-05,
read latency,read latency,NOUN+NOUN,2,1,1,0.0352,False,rejected,-4.582985219610258e-05,
pairwise interactions,pairwise interaction,NOUN+NOUN,2,1,1,0.0352,False,rejected,-4.582985219610258e-05,
density conditions,density condition,NOUN+NOUN,2,1,1,0.0352,False,rejected,-4.582985219610258e-05,
ess definition,ess definition,NOUN+NOUN,2,1,1,0.0352,False,rejected,-4.582985219610258e-05,
search setting,search setting,NOUN+NOUN,2,1,1,0.0352,False,rejected,-4.582985219610258e-05,
search features,search feature,NOUN+NOUN,2,1,1,0.0352,False,rejected,-4.582985219610258e-05,
domain characteristics,domain characteristic,NOUN+NOUN,2,1,1,0.0352,False,rejected,-4.582985219610258e-05,
pairwise accuracy,pairwise accuracy,NOUN+NOUN,2,1,1,0.0352,False,rejected,-4.582985219610258e-05,
page finding,page finding,NOUN+NOUN,2,1,1,0.0352,False,rejected,-4.582985219610258e-05,
query types,query type,NOUN+NOUN,2,1,1,0.0352,False,rejected,-4.582985219610258e-05,
query situation,query situation,NOUN+NOUN,2,1,1,0.0352,False,rejected,-4.582985219610258e-05,
query classifier,query classifier,NOUN+NOUN,2,1,1,0.0352,False,rejected,-4.582985219610258e-05,
web query,web query,NOUN+NOUN,2,1,1,0.0352,False,rejected,-4.582985219610258e-05,
art prediction,art prediction,NOUN+NOUN,2,1,1,0.0352,False,rejected,-4.582985219610258e-05,
world web,world web,NOUN+NOUN,2,1,1,0.0352,False,rejected,-4.582985219610258e-05,
web settings,web setting,NOUN+NOUN,2,1,1,0.0352,False,rejected,-4.582985219610258e-05,
root form,root form,NOUN+NOUN,2,1,1,0.0352,False,rejected,-4.582985219610258e-05,
document matching,document matching,NOUN+NOUN,2,1,1,0.0352,False,rejected,-4.582985219610258e-05,
word pluralization,word pluralization,NOUN+NOUN,2,1,1,0.0352,False,rejected,-4.582985219610258e-05,
pluralization handling,pluralization handling,NOUN+NOUN,2,1,1,0.0352,False,rejected,-4.582985219610258e-05,
context match,context match,NOUN+NOUN,2,1,1,0.0352,False,rejected,-4.582985219610258e-05,
originating query,originating query,NOUN+NOUN,2,1,1,0.0352,False,rejected,-4.582985219610258e-05,
network entity,network entity,NOUN+NOUN,2,1,1,0.0352,False,rejected,-4.582985219610258e-05,
ad selection,ad selection,NOUN+NOUN,2,1,1,0.0352,False,rejected,-4.582985219610258e-05,
cm market,cm market,NOUN+NOUN,2,1,1,0.0352,False,rejected,-4.582985219610258e-05,
bid phrases,bid phrase,NOUN+NOUN,2,1,1,0.0352,False,rejected,-4.582985219610258e-05,
phrase extraction,phrase extraction,NOUN+NOUN,2,1,1,0.0352,False,rejected,-4.582985219610258e-05,
ad matching,ad matching,NOUN+NOUN,2,1,1,0.0352,False,rejected,-4.582985219610258e-05,
retrieval decision,retrieval decision,NOUN+NOUN,2,1,1,0.0352,False,rejected,-4.582985219610258e-05,
retrieval accuracy,retrieval accuracy,NOUN+NOUN,2,1,1,0.0352,False,rejected,-4.582985219610258e-05,
retrieval setting,retrieval setting,NOUN+NOUN,2,1,1,0.0352,False,rejected,-4.582985219610258e-05,
retrieval algorithms,retrieval algorithm,NOUN+NOUN,2,1,1,0.0352,False,rejected,-4.582985219610258e-05,
news stories,news story,NOUN+NOUN,2,1,1,0.0352,False,rejected,-4.582985219610258e-05,
dependencies event,dependency event,NOUN+NOUN,2,1,1,0.0352,False,rejected,-4.582985219610258e-05,
event threading,event threading,NOUN+NOUN,2,1,1,0.0352,False,rejected,-4.582985219610258e-05,
topic stories,topic story,NOUN+NOUN,2,1,1,0.0352,False,rejected,-4.582985219610258e-05,
evaluation metrics,evaluation metric,NOUN+NOUN,2,1,1,0.0352,False,rejected,-4.582985219610258e-05,
account novel,account novel,NOUN+NOUN,2,1,1,0.0352,False,rejected,-4.582985219610258e-05,
event recognition,event recognition,NOUN+NOUN,2,1,1,0.0352,False,rejected,-4.582985219610258e-05,
protocol overhead,protocol overhead,NOUN+NOUN,2,1,1,0.0352,False,rejected,-4.630908684270796e-05,
network alterations,network alteration,NOUN+NOUN,2,1,1,0.0352,False,rejected,-4.630908684270796e-05,
node failures,node failure,NOUN+NOUN,2,1,1,0.0352,False,rejected,-4.630908684270796e-05,
auction theory,auction theory,NOUN+NOUN,2,1,1,0.0352,False,rejected,-4.630908684270796e-05,
theory literature,theory literature,NOUN+NOUN,2,1,1,0.0352,False,rejected,-4.630908684270796e-05,
reality bidders,reality bidder,NOUN+NOUN,2,1,1,0.0352,False,rejected,-4.630908684270796e-05,
bid withdrawal,bid withdrawal,NOUN+NOUN,2,1,1,0.0352,False,rejected,-4.630908684270796e-05,
solutions framework,solution framework,NOUN+NOUN,2,1,1,0.0352,False,rejected,-4.630908684270796e-05,
constraint programming,constraint programming,NOUN+NOUN,2,1,1,0.0352,False,rejected,-4.630908684270796e-05,
commitment contract,commitment contract,NOUN+NOUN,2,1,1,0.0352,False,rejected,-4.630908684270796e-05,
bid bonds,bid bond,NOUN+NOUN,2,1,1,0.0352,False,rejected,-4.630908684270796e-05,
solution reparability,solution reparability,NOUN+NOUN,2,1,1,0.0352,False,rejected,-4.630908684270796e-05,
auction scenarios,auction scenario,NOUN+NOUN,2,1,1,0.0352,False,rejected,-4.630908684270796e-05,
person recommendation,person recommendation,NOUN+NOUN,2,1,1,0.0352,False,rejected,-4.630908684270796e-05,
cascade sizes,cascade size,NOUN+NOUN,2,1,1,0.0352,False,rejected,-4.630908684270796e-05,
pricing categories,pricing category,NOUN+NOUN,2,1,1,0.0352,False,rejected,-4.630908684270796e-05,
industry standards,industry standard,NOUN+NOUN,2,1,1,0.0352,False,rejected,-4.630908684270796e-05,
end workflow,end workflow,NOUN+NOUN,2,1,1,0.0352,False,rejected,-4.630908684270796e-05,
workflow composition,workflow composition,NOUN+NOUN,2,1,1,0.0352,False,rejected,-4.630908684270796e-05,
service provisioning,service provisioning,NOUN+NOUN,2,1,1,0.0352,False,rejected,-4.630908684270796e-05,
organisation environment,organisation environment,NOUN+NOUN,2,1,1,0.0352,False,rejected,-4.630908684270796e-05,
business scenarios,business scenario,NOUN+NOUN,2,1,1,0.0352,False,rejected,-4.630908684270796e-05,
service level,service level,NOUN+NOUN,2,1,1,0.0352,False,rejected,-4.630908684270796e-05,
level agreement,level agreement,NOUN+NOUN,2,1,1,0.0352,False,rejected,-4.630908684270796e-05,
scheduling service,scheduling service,NOUN+NOUN,2,1,1,0.0352,False,rejected,-4.630908684270796e-05,
business value,business value,NOUN+NOUN,2,1,1,0.0352,False,rejected,-4.630908684270796e-05,
computer ratio,computer ratio,NOUN+NOUN,2,1,1,0.0352,False,rejected,-4.630908684270796e-05,
scale integration,scale integration,NOUN+NOUN,2,1,1,0.0352,False,rejected,-4.630908684270796e-05,
design education,design education,NOUN+NOUN,2,1,1,0.0352,False,rejected,-4.630908684270796e-05,
end graphics,end graphic,NOUN+NOUN,2,1,1,0.0352,False,rejected,-4.630908684270796e-05,
video editing,video editing,NOUN+NOUN,2,1,1,0.0352,False,rejected,-4.630908684270796e-05,
web production,web production,NOUN+NOUN,2,1,1,0.0352,False,rejected,-4.630908684270796e-05,
video applications,video application,NOUN+NOUN,2,1,1,0.0352,False,rejected,-4.630908684270796e-05,
unix workstations,unix workstation,NOUN+NOUN,2,1,1,0.0352,False,rejected,-4.630908684270796e-05,
computer laboratories,computer laboratory,NOUN+NOUN,2,1,1,0.0352,False,rejected,-4.630908684270796e-05,
video rendering,video rendering,NOUN+NOUN,2,1,1,0.0352,False,rejected,-4.630908684270796e-05,
technology deployment,technology deployment,NOUN+NOUN,2,1,1,0.0352,False,rejected,-4.630908684270796e-05,
application support,application support,NOUN+NOUN,2,1,1,0.0352,False,rejected,-4.630908684270796e-05,
implementation process,implementation process,NOUN+NOUN,2,1,1,0.0352,False,rejected,-4.630908684270796e-05,
representation scheme,representation scheme,NOUN+NOUN,2,1,1,0.0352,False,rejected,-4.630908684270796e-05,
concise manner,concise manner,NOUN+NOUN,2,1,1,0.0352,False,rejected,-4.630908684270796e-05,
engine development,engine development,NOUN+NOUN,2,1,1,0.0352,False,rejected,-4.630908684270796e-05,
world study,world study,NOUN+NOUN,2,1,1,0.0352,False,rejected,-4.630908684270796e-05,
spam detection,spam detection,NOUN+NOUN,2,1,1,0.0352,False,rejected,-4.630908684270796e-05,
search personalization,search personalization,NOUN+NOUN,2,1,1,0.0352,False,rejected,-4.630908684270796e-05,
preference prediction,preference prediction,NOUN+NOUN,2,1,1,0.0352,False,rejected,-4.630908684270796e-05,
feedback interpretation,feedback interpretation,NOUN+NOUN,2,1,1,0.0352,False,rejected,-4.630908684270796e-05,
expertise areas,expertise area,NOUN+NOUN,2,1,1,0.0352,False,rejected,-4.630908684270796e-05,
baseline approaches,baseline approach,NOUN+NOUN,2,1,1,0.0352,False,rejected,-4.630908684270796e-05,
expertise relations,expertise relation,NOUN+NOUN,2,1,1,0.0352,False,rejected,-4.630908684270796e-05,
university site,university site,NOUN+NOUN,2,1,1,0.0352,False,rejected,-4.630908684270796e-05,
broadcast news,broadcast news,NOUN+NOUN,2,1,1,0.0352,False,rejected,-4.630908684270796e-05,
telephone conversations,telephone conversation,NOUN+NOUN,2,1,1,0.0352,False,rejected,-4.630908684270796e-05,
speech recognition,speech recognition,NOUN+NOUN,2,1,1,0.0352,False,rejected,-4.630908684270796e-05,
recognition tools,recognition tool,NOUN+NOUN,2,1,1,0.0352,False,rejected,-4.630908684270796e-05,
output word,output word,NOUN+NOUN,2,1,1,0.0352,False,rejected,-4.630908684270796e-05,
word confusion,word confusion,NOUN+NOUN,2,1,1,0.0352,False,rejected,-4.630908684270796e-05,
confusion networks,confusion network,NOUN+NOUN,2,1,1,0.0352,False,rejected,-4.630908684270796e-05,
query processing,query processing,NOUN+NOUN,2,1,1,0.0352,False,rejected,-4.630908684270796e-05,
term detection,term detection,NOUN+NOUN,2,1,1,0.0352,False,rejected,-4.630908684270796e-05,
detection evaluation,detection evaluation,NOUN+NOUN,2,1,1,0.0352,False,rejected,-4.630908684270796e-05,
classification errors,classification error,NOUN+NOUN,2,1,1,0.0352,False,rejected,-4.630908684270796e-05,
instance pairs,instance pair,NOUN+NOUN,2,1,1,0.0352,False,rejected,-4.630908684270796e-05,
training process,training process,NOUN+NOUN,2,1,1,0.0352,False,rejected,-4.630908684270796e-05,
benchmark datasets,benchmark dataset,NOUN+NOUN,2,1,1,0.0352,False,rejected,-4.630908684270796e-05,
generation air,generation air,NOUN+NOUN,2,1,1,0.0352,False,rejected,-4.630908684270796e-05,
air transportation,air transportation,NOUN+NOUN,2,1,1,0.0352,False,rejected,-4.630908684270796e-05,
weather info,weather info,NOUN+NOUN,2,1,1,0.0352,False,rejected,-4.630908684270796e-05,
traffic controllers,traffic controller,NOUN+NOUN,2,1,1,0.0352,False,rejected,-4.630908684270796e-05,
flow simulator,flow simulator,NOUN+NOUN,2,1,1,0.0352,False,rejected,-4.630908684270796e-05,
reinforcement learning,reinforcement learning,NOUN+NOUN,2,1,1,0.0352,False,rejected,-4.630908684270796e-05,
communication opportunities,communication opportunity,NOUN+NOUN,2,1,1,0.0352,False,rejected,-4.630908684270796e-05,
communication constraints,communication constraint,NOUN+NOUN,2,1,1,0.0352,False,rejected,-4.630908684270796e-05,
arguments exchange,argument exchange,NOUN+NOUN,2,1,1,0.0352,False,rejected,-4.630908684270796e-05,
interaction protocols,interaction protocol,NOUN+NOUN,2,1,1,0.0352,False,rejected,-4.630908684270796e-05,
hypotheses exchange,hypothesis exchange,NOUN+NOUN,2,1,1,0.0352,False,rejected,-4.630908684270796e-05,
burning building,burning building,NOUN+NOUN,2,1,1,0.0352,False,rejected,-4.630908684270796e-05,
decision aid,decision aid,NOUN+NOUN,2,1,1,0.0352,False,rejected,-4.630908684270796e-05,
aid tool,aid tool,NOUN+NOUN,2,1,1,0.0352,False,rejected,-4.630908684270796e-05,
proposal assessment,proposal assessment,NOUN+NOUN,2,1,1,0.0352,False,rejected,-4.630908684270796e-05,
negotiation procedure,negotiation procedure,NOUN+NOUN,2,1,1,0.0352,False,rejected,-4.630908684270796e-05,
crisis management,crisis management,NOUN+NOUN,2,1,1,0.0352,False,rejected,-4.630908684270796e-05,
management context,management context,NOUN+NOUN,2,1,1,0.0352,False,rejected,-4.630908684270796e-05,
mediator agent,mediator agent,NOUN+NOUN,2,1,1,0.0352,False,rejected,-4.630908684270796e-05,
game theoretic,game theoretic,NOUN+NOUN,2,1,1,0.0352,False,rejected,-4.630908684270796e-05,
theoretic properties,theoretic property,NOUN+NOUN,2,1,1,0.0352,False,rejected,-4.630908684270796e-05,
mechanisms agents,mechanism agent,NOUN+NOUN,2,1,1,0.0352,False,rejected,-4.630908684270796e-05,
fi transmitters,fi transmitter,NOUN+NOUN,2,1,1,0.0352,False,rejected,-4.630908684270796e-05,
car manufacturers,car manufacturer,NOUN+NOUN,2,1,1,0.0352,False,rejected,-4.630908684270796e-05,
simulation environment,simulation environment,NOUN+NOUN,2,1,1,0.0352,False,rejected,-4.630908684270796e-05,
transportation network,transportation network,NOUN+NOUN,2,1,1,0.0352,False,rejected,-4.630908684270796e-05,
multiattribute auctions,multiattribute auction,NOUN+NOUN,2,1,1,0.0352,False,rejected,-4.630908684270796e-05,
offers traders,offer trader,NOUN+NOUN,2,1,1,0.0352,False,rejected,-4.630908684270796e-05,
pairwise trades,pairwise trade,NOUN+NOUN,2,1,1,0.0352,False,rejected,-4.630908684270796e-05,
multiattribute utility,multiattribute utility,NOUN+NOUN,2,1,1,0.0352,False,rejected,-4.630908684270796e-05,
utility theory,utility theory,NOUN+NOUN,2,1,1,0.0352,False,rejected,-4.630908684270796e-05,
network flow,network flow,NOUN+NOUN,2,1,1,0.0352,False,rejected,-4.630908684270796e-05,
solution techniques,solution technique,NOUN+NOUN,2,1,1,0.0352,False,rejected,-4.630908684270796e-05,
knowledge base,knowledge base,NOUN+NOUN,2,1,1,0.0352,False,rejected,-4.630908684270796e-05,
neighborhood proposals,neighborhood proposal,NOUN+NOUN,2,1,1,0.0352,False,rejected,-4.678731485496801e-05,
negotiation protocol,negotiation protocol,NOUN+NOUN,2,1,1,0.0352,False,rejected,-4.678731485496801e-05,
action space,action space,NOUN+NOUN,2,1,1,0.0352,False,rejected,-4.678731485496801e-05,
allocation algorithms,allocation algorithm,NOUN+NOUN,2,1,1,0.0352,False,rejected,-4.678731485496801e-05,
resource values,resource value,NOUN+NOUN,2,1,1,0.0352,False,rejected,-4.678731485496801e-05,
horizon mdps,horizon mdps,NOUN+NOUN,2,1,1,0.0352,False,rejected,-4.678731485496801e-05,
departure times,departure time,NOUN+NOUN,2,1,1,0.0352,False,rejected,-4.678731485496801e-05,
resource assignments,resource assignment,NOUN+NOUN,2,1,1,0.0352,False,rejected,-4.678731485496801e-05,
scheduling domain,scheduling domain,NOUN+NOUN,2,1,1,0.0352,False,rejected,-4.678731485496801e-05,
logic dimensions,logic dimension,NOUN+NOUN,2,1,1,0.0352,False,rejected,-4.678731485496801e-05,
relationship strategy,relationship strategy,NOUN+NOUN,2,1,1,0.0352,False,rejected,-4.678731485496801e-05,
intimacy level,intimacy level,NOUN+NOUN,2,1,1,0.0352,False,rejected,-4.678731485496801e-05,
negotiation balances,negotiation balance,NOUN+NOUN,2,1,1,0.0352,False,rejected,-4.678731485496801e-05,
scale email,scale email,NOUN+NOUN,2,1,1,0.0352,False,rejected,-4.678731485496801e-05,
support vector,support vector,NOUN+NOUN,2,1,1,0.0352,False,rejected,-4.678731485496801e-05,
vector machines,vector machine,NOUN+NOUN,2,1,1,0.0352,False,rejected,-4.678731485496801e-05,
art classification,art classification,NOUN+NOUN,2,1,1,0.0352,False,rejected,-4.678731485496801e-05,
email spam,email spam,NOUN+NOUN,2,1,1,0.0352,False,rejected,-4.678731485496801e-05,
blog spam,blog spam,NOUN+NOUN,2,1,1,0.0352,False,rejected,-4.678731485496801e-05,
detection tasks,detection task,NOUN+NOUN,2,1,1,0.0352,False,rejected,-4.678731485496801e-05,
omniscient knowledge,omniscient knowledge,NOUN+NOUN,2,1,1,0.0352,False,rejected,-4.678731485496801e-05,
answer session,answer session,NOUN+NOUN,2,1,1,0.0352,False,rejected,-4.678731485496801e-05,
probability distribution,probability distribution,NOUN+NOUN,2,1,1,0.0352,False,rejected,-4.678731485496801e-05,
art reputation,art reputation,NOUN+NOUN,2,1,1,0.0352,False,rejected,-4.678731485496801e-05,
reputation values,reputation value,NOUN+NOUN,2,1,1,0.0352,False,rejected,-4.678731485496801e-05,
policy generation,policy generation,NOUN+NOUN,2,1,1,0.0352,False,rejected,-4.678731485496801e-05,
interaction structure,interaction structure,NOUN+NOUN,2,1,1,0.0352,False,rejected,-4.678731485496801e-05,
policy search,policy search,NOUN+NOUN,2,1,1,0.0352,False,rejected,-4.678731485496801e-05,
magnitude improvement,magnitude improvement,NOUN+NOUN,2,1,1,0.0352,False,rejected,-4.678731485496801e-05,
service needs,service need,NOUN+NOUN,2,1,1,0.0352,False,rejected,-4.678731485496801e-05,
multiagent negotiation,multiagent negotiation,NOUN+NOUN,2,1,1,0.0352,False,rejected,-4.678731485496801e-05,
negotiation approaches,negotiation approach,NOUN+NOUN,2,1,1,0.0352,False,rejected,-4.678731485496801e-05,
service content,service content,NOUN+NOUN,2,1,1,0.0352,False,rejected,-4.678731485496801e-05,
service price,service price,NOUN+NOUN,2,1,1,0.0352,False,rejected,-4.678731485496801e-05,
version space,version space,NOUN+NOUN,2,1,1,0.0352,False,rejected,-4.678731485496801e-05,
similarity metrics,similarity metric,NOUN+NOUN,2,1,1,0.0352,False,rejected,-4.678731485496801e-05,
game isomorphism,game isomorphism,NOUN+NOUN,2,1,1,0.0352,False,rejected,-4.678731485496801e-05,
abstraction transformation,abstraction transformation,NOUN+NOUN,2,1,1,0.0352,False,rejected,-4.678731485496801e-05,
signal space,signal space,NOUN+NOUN,2,1,1,0.0352,False,rejected,-4.678731485496801e-05,
nontrivial games,nontrivial game,NOUN+NOUN,2,1,1,0.0352,False,rejected,-4.726453857206714e-05,
space complexity,space complexity,NOUN+NOUN,2,1,1,0.0352,False,rejected,-4.726453857206714e-05,
commerce applications,commerce application,NOUN+NOUN,2,1,1,0.0352,False,rejected,-4.726453857206714e-05,
multiagent domains,multiagent domain,NOUN+NOUN,2,1,1,0.0352,False,rejected,-4.726453857206714e-05,
security domains,security domain,NOUN+NOUN,2,1,1,0.0352,False,rejected,-4.726453857206714e-05,
strategy selection,strategy selection,NOUN+NOUN,2,1,1,0.0352,False,rejected,-4.726453857206714e-05,
asap searches,asap search,NOUN+NOUN,2,1,1,0.0352,False,rejected,-4.726453857206714e-05,
reward strategy,reward strategy,NOUN+NOUN,2,1,1,0.0352,False,rejected,-4.726453857206714e-05,
mover advantage,mover advantage,NOUN+NOUN,2,1,1,0.0352,False,rejected,-4.726453857206714e-05,
agent capabilities,agent capability,NOUN+NOUN,2,1,1,0.0352,False,rejected,-4.726453857206714e-05,
task structure,task structure,NOUN+NOUN,2,1,1,0.0352,False,rejected,-4.726453857206714e-05,
self design,self design,NOUN+NOUN,2,1,1,0.0352,False,rejected,-4.726453857206714e-05,
processor resources,processor resource,NOUN+NOUN,2,1,1,0.0352,False,rejected,-4.726453857206714e-05,
osd agents,osd agent,NOUN+NOUN,2,1,1,0.0352,False,rejected,-4.726453857206714e-05,
ontology learning,ontology learning,NOUN+NOUN,2,1,1,0.0352,False,rejected,-4.726453857206714e-05,
ontology building,ontology building,NOUN+NOUN,2,1,1,0.0352,False,rejected,-4.726453857206714e-05,
building solution,building solution,NOUN+NOUN,2,1,1,0.0352,False,rejected,-4.726453857206714e-05,
matching mechanisms,matching mechanism,NOUN+NOUN,2,1,1,0.0352,False,rejected,-4.726453857206714e-05,
concept hierarchies,concept hierarchy,NOUN+NOUN,2,1,1,0.0352,False,rejected,-4.726453857206714e-05,
alignment procedure,alignment procedure,NOUN+NOUN,2,1,1,0.0352,False,rejected,-4.726453857206714e-05,
influence diagrams,influence diagram,NOUN+NOUN,2,1,1,0.0352,False,rejected,-4.726453857206714e-05,
decision variables,decision variable,NOUN+NOUN,2,1,1,0.0352,False,rejected,-4.726453857206714e-05,
filtering techniques,filtering technique,NOUN+NOUN,2,1,1,0.0352,False,rejected,-4.726453857206714e-05,
order mechanism,order mechanism,NOUN+NOUN,2,1,1,0.0352,False,rejected,-4.726453857206714e-05,
equity markets,equity market,NOUN+NOUN,2,1,1,0.0352,False,rejected,-4.726453857206714e-05,
butterfly effects,butterfly effect,NOUN+NOUN,2,1,1,0.0352,False,rejected,-4.726453857206714e-05,
market activity,market activity,NOUN+NOUN,2,1,1,0.0352,False,rejected,-4.726453857206714e-05,
order sequence,order sequence,NOUN+NOUN,2,1,1,0.0352,False,rejected,-4.726453857206714e-05,
book state,book state,NOUN+NOUN,2,1,1,0.0352,False,rejected,-4.726453857206714e-05,
limit order,limit order,NOUN+NOUN,2,1,1,0.0352,False,rejected,-4.726453857206714e-05,
dominant bidding,dominant bidding,ADJ+NOUN,2,1,1,0.025836,False,rejected,-4.726453857206714e-05,
multiple auctions,multiple auction,ADJ+NOUN,2,1,1,0.025836,False,rejected,-4.726453857206714e-05,
novel options,novel option,ADJ+NOUN,2,1,1,0.025836,False,rejected,-4.726453857206714e-05,
strategic issue,strategic issue,ADJ+NOUN,2,1,1,0.025836,False,rejected,-4.726453857206714e-05,
greater efficiency,great efficiency,ADJ+NOUN,2,1,1,0.025836,False,rejected,-4.726453857206714e-05,
autonomous agents,autonomous agent,ADJ+NOUN,2,1,1,0.025836,False,rejected,-4.726453857206714e-05,
individual issues,individual issue,ADJ+NOUN,2,1,1,0.025836,False,rejected,-4.726453857206714e-05,
different agents,different agent,ADJ+NOUN,2,1,1,0.025836,False,rejected,-4.726453857206714e-05,
true optimum,true optimum,ADJ+NOUN,2,1,1,0.025836,False,rejected,-4.726453857206714e-05,
approximate strategies,approximate strategy,ADJ+NOUN,2,1,1,0.025836,False,rejected,-4.726453857206714e-05,
orthogonal improvements,orthogonal improvement,ADJ+NOUN,2,1,1,0.025836,False,rejected,-4.726453857206714e-05,
separate value,separate value,ADJ+NOUN,2,1,1,0.025836,False,rejected,-4.726453857206714e-05,
better solution,well solution,ADJ+NOUN,2,1,1,0.025836,False,rejected,-4.726453857206714e-05,
total reward,total reward,ADJ+NOUN,2,1,1,0.025836,False,rejected,-4.726453857206714e-05,
higher solution,high solution,ADJ+NOUN,2,1,1,0.025836,False,rejected,-4.726453857206714e-05,
successful negotiation,successful negotiation,ADJ+NOUN,2,1,1,0.025836,False,rejected,-4.726453857206714e-05,
joint improvements,joint improvement,ADJ+NOUN,2,1,1,0.025836,False,rejected,-4.726453857206714e-05,
direct conflict,direct conflict,ADJ+NOUN,2,1,1,0.025836,False,rejected,-4.726453857206714e-05,
different parties,different party,ADJ+NOUN,2,1,1,0.025836,False,rejected,-4.726453857206714e-05,
unnecessary disclosure,unnecessary disclosure,ADJ+NOUN,2,1,1,0.025836,False,rejected,-4.726453857206714e-05,
objective calculation,objective calculation,ADJ+NOUN,2,1,1,0.025836,False,rejected,-4.726453857206714e-05,
continuous values,continuous value,ADJ+NOUN,2,1,1,0.025836,False,rejected,-4.726453857206714e-05,
optimal values,optimal value,ADJ+NOUN,2,1,1,0.025836,False,rejected,-4.726453857206714e-05,
optimal frontier,optimal frontier,ADJ+NOUN,2,1,1,0.025836,False,rejected,-4.726453857206714e-05,
economic interactions,economic interaction,ADJ+NOUN,2,1,1,0.025836,False,rejected,-4.726453857206714e-05,
right attributes,right attribute,ADJ+NOUN,2,1,1,0.025836,False,rejected,-4.726453857206714e-05,
coalitional solution,coalitional solution,ADJ+NOUN,2,1,1,0.025836,False,rejected,-4.726453857206714e-05,
dimensional contracts,dimensional contract,ADJ+NOUN,2,1,1,0.025836,False,rejected,-4.726453857206714e-05,
direct experience,direct experience,ADJ+NOUN,2,1,1,0.025836,False,rejected,-4.726453857206714e-05,
superior estimates,superior estimate,ADJ+NOUN,2,1,1,0.025836,False,rejected,-4.726453857206714e-05,
independent beta,independent beta,ADJ+NOUN,2,1,1,0.025836,False,rejected,-4.726453857206714e-05,
sufficient statistics,sufficient statistic,ADJ+NOUN,2,1,1,0.025836,False,rejected,-4.726453857206714e-05,
novel solution,novel solution,ADJ+NOUN,2,1,1,0.025836,False,rejected,-4.726453857206714e-05,
centralised reputation,centralised reputation,ADJ+NOUN,2,1,1,0.025836,False,rejected,-4.726453857206714e-05,
expected rewards,expected reward,ADJ+NOUN,2,1,1,0.025836,False,rejected,-4.726453857206714e-05,
extended markov,extended markov,ADJ+NOUN,2,1,1,0.025836,False,rejected,-4.726453857206714e-05,
greedy action,greedy action,ADJ+NOUN,2,1,1,0.025836,False,rejected,-4.726453857206714e-05,
efficient control,efficient control,ADJ+NOUN,2,1,1,0.025836,False,rejected,-4.726453857206714e-05,
markovian environments,markovian environment,ADJ+NOUN,2,1,1,0.025836,False,rejected,-4.726453857206714e-05,
emt instantiation,emt instantiation,ADJ+NOUN,2,1,1,0.025836,False,rejected,-4.726453857206714e-05,
current algorithms,current algorithm,ADJ+NOUN,2,1,1,0.025836,False,rejected,-4.726453857206714e-05,
general dcop,general dcop,ADJ+NOUN,2,1,1,0.025836,False,rejected,-4.726453857206714e-05,
pseudotree structure,pseudotree structure,ADJ+NOUN,2,1,1,0.025836,False,rejected,-4.726453857206714e-05,
extended set,extended set,ADJ+NOUN,2,1,1,0.025836,False,rejected,-4.726453857206714e-05,
separate branches,separate branch,ADJ+NOUN,2,1,1,0.025836,False,rejected,-4.726453857206714e-05,
induced width,induced width,ADJ+NOUN,2,1,1,0.025836,False,rejected,-4.726453857206714e-05,
maximum dimensionality,maximum dimensionality,ADJ+NOUN,2,1,1,0.025836,False,rejected,-4.726453857206714e-05,
sequential path,sequential path,ADJ+NOUN,2,1,1,0.025836,False,rejected,-4.726453857206714e-05,
traditional pseudotree,traditional pseudotree,ADJ+NOUN,2,1,1,0.025836,False,rejected,-4.726453857206714e-05,
edged pseudotree,edged pseudotree,ADJ+NOUN,2,1,1,0.025836,False,rejected,-4.726453857206714e-05,
multiple heuristics,multiple heuristic,ADJ+NOUN,2,1,1,0.025836,False,rejected,-4.726453857206714e-05,
best pseudotree,good pseudotree,ADJ+NOUN,2,1,1,0.025836,False,rejected,-4.726453857206714e-05,
linear space,linear space,ADJ+NOUN,2,1,1,0.025836,False,rejected,-4.726453857206714e-05,
consistent combination,consistent combination,ADJ+NOUN,2,1,1,0.025836,False,rejected,-4.726453857206714e-05,
mutual constraints,mutual constraint,ADJ+NOUN,2,1,1,0.025836,False,rejected,-4.726453857206714e-05,
shared environment,shared environment,ADJ+NOUN,2,1,1,0.025836,False,rejected,-4.726453857206714e-05,
common belief,common belief,ADJ+NOUN,2,1,1,0.025836,False,rejected,-4.726453857206714e-05,
different strategies,different strategy,ADJ+NOUN,2,1,1,0.025836,False,rejected,-4.726453857206714e-05,
major motivation,major motivation,ADJ+NOUN,2,1,1,0.025836,False,rejected,-4.726453857206714e-05,
clearer understanding,clear understanding,ADJ+NOUN,2,1,1,0.025836,False,rejected,-4.726453857206714e-05,
mutual advice,mutual advice,ADJ+NOUN,2,1,1,0.025836,False,rejected,-4.726453857206714e-05,
computational cycles,computational cycle,ADJ+NOUN,2,1,1,0.025836,False,rejected,-4.726453857206714e-05,
epistemic properties,epistemic property,ADJ+NOUN,2,1,1,0.025836,False,rejected,-4.726453857206714e-05,
main ideas,main idea,ADJ+NOUN,2,1,1,0.025836,False,rejected,-4.726453857206714e-05,
concurrent programs,concurrent program,ADJ+NOUN,2,1,1,0.025836,False,rejected,-4.726453857206714e-05,
temporal logic,temporal logic,ADJ+NOUN,2,1,1,0.025836,False,rejected,-4.726453857206714e-05,
social stance,social stance,ADJ+NOUN,2,1,1,0.025836,False,rejected,-4.726453857206714e-05,
institutional frameworks,institutional framework,ADJ+NOUN,2,1,1,0.025836,False,rejected,-4.726453857206714e-05,
wide spectrum,wide spectrum,ADJ+NOUN,2,1,1,0.025836,False,rejected,-4.726453857206714e-05,
communicative abstractions,communicative abstraction,ADJ+NOUN,2,1,1,0.025836,False,rejected,-4.726453857206714e-05,
limited range,limited range,ADJ+NOUN,2,1,1,0.025836,False,rejected,-4.726453857206714e-05,
fixed set,fixed set,ADJ+NOUN,2,1,1,0.025836,False,rejected,-4.726453857206714e-05,
defined abstractions,defined abstraction,ADJ+NOUN,2,1,1,0.025836,False,rejected,-4.726453857206714e-05,
main hypothesis,main hypothesis,ADJ+NOUN,2,1,1,0.025836,False,rejected,-4.726453857206714e-05,
semantic core,semantic core,ADJ+NOUN,2,1,1,0.025836,False,rejected,-4.726453857206714e-05,
essential structure,essential structure,ADJ+NOUN,2,1,1,0.025836,False,rejected,-4.726453857206714e-05,
formal execution,formal execution,ADJ+NOUN,2,1,1,0.025836,False,rejected,-4.726453857206714e-05,
social interactions,social interaction,ADJ+NOUN,2,1,1,0.025836,False,rejected,-4.726453857206714e-05,
abstract machine,abstract machine,ADJ+NOUN,2,1,1,0.025836,False,rejected,-4.726453857206714e-05,
organizational programming,organizational programming,ADJ+NOUN,2,1,1,0.025836,False,rejected,-4.726453857206714e-05,
open set,open set,ADJ+NOUN,2,1,1,0.025836,False,rejected,-4.726453857206714e-05,
key solution,key solution,ADJ+NOUN,2,1,1,0.025836,False,rejected,-4.726453857206714e-05,
main advantage,main advantage,ADJ+NOUN,2,1,1,0.025836,False,rejected,-4.726453857206714e-05,
fair solution,fair solution,ADJ+NOUN,2,1,1,0.025836,False,rejected,-4.726453857206714e-05,
general case,general case,ADJ+NOUN,2,1,1,0.025836,False,rejected,-4.726453857206714e-05,
specific voting,specific voting,ADJ+NOUN,2,1,1,0.025836,False,rejected,-4.726453857206714e-05,
general voting,general voting,ADJ+NOUN,2,1,1,0.025836,False,rejected,-4.726453857206714e-05,
approximate shapley,approximate shapley,ADJ+NOUN,2,1,1,0.025836,False,rejected,-4.726453857206714e-05,
vital role,vital role,ADJ+NOUN,2,1,1,0.025836,False,rejected,-4.726453857206714e-05,
centric approaches,centric approach,ADJ+NOUN,2,1,1,0.025836,False,rejected,-4.726453857206714e-05,
present agent,present agent,ADJ+NOUN,2,1,1,0.025836,False,rejected,-4.726453857206714e-05,
primitive building,primitive building,ADJ+NOUN,2,1,1,0.025836,False,rejected,-4.726453857206714e-05,
higher level,high level,ADJ+NOUN,2,1,1,0.025836,False,rejected,-4.726453857206714e-05,
social commitments,social commitment,ADJ+NOUN,2,1,1,0.025836,False,rejected,-4.726453857206714e-05,
flexible interactions,flexible interaction,ADJ+NOUN,2,1,1,0.025836,False,rejected,-4.726453857206714e-05,
conventional agent,conventional agent,ADJ+NOUN,2,1,1,0.025836,False,rejected,-4.726453857206714e-05,
joint deliberation,joint deliberation,ADJ+NOUN,2,1,1,0.025836,False,rejected,-4.726453857206714e-05,
amal framework,amal framework,ADJ+NOUN,2,1,1,0.025836,False,rejected,-4.726453857206714e-05,
joint decision,joint decision,ADJ+NOUN,2,1,1,0.025836,False,rejected,-4.726453857206714e-05,
individual hypotheses,individual hypothesis,ADJ+NOUN,2,1,1,0.025836,False,rejected,-4.726453857206714e-05,
counterfactual reasoning,counterfactual reasoning,ADJ+NOUN,2,1,1,0.025836,False,rejected,-4.726453857206714e-05,
new logic,new logic,ADJ+NOUN,2,1,1,0.025836,False,rejected,-4.726453857206714e-05,
particular notion,particular notion,ADJ+NOUN,2,1,1,0.025836,False,rejected,-4.726453857206714e-05,
important properties,important property,ADJ+NOUN,2,1,1,0.025836,False,rejected,-4.726453857206714e-05,
new insight,new insight,ADJ+NOUN,2,1,1,0.025836,False,rejected,-4.726453857206714e-05,
low ability,low ability,ADJ+NOUN,2,1,1,0.025836,False,rejected,-4.726453857206714e-05,
highest ability,high ability,ADJ+NOUN,2,1,1,0.025836,False,rejected,-4.726453857206714e-05,
interesting factor,interesting factor,ADJ+NOUN,2,1,1,0.025836,False,rejected,-4.726453857206714e-05,
original web,original web,ADJ+NOUN,2,1,1,0.025836,False,rejected,-4.726453857206714e-05,
like effect,like effect,ADJ+NOUN,2,1,1,0.025836,False,rejected,-4.726453857206714e-05,
specific genres,specific genre,ADJ+NOUN,2,1,1,0.025836,False,rejected,-4.726453857206714e-05,
technical papers,technical paper,ADJ+NOUN,2,1,1,0.025836,False,rejected,-4.726453857206714e-05,
automatic title,automatic title,ADJ+NOUN,2,1,1,0.025836,False,rejected,-4.726453857206714e-05,
font size,font size,ADJ+NOUN,2,1,1,0.025836,False,rejected,-4.726453857206714e-05,
accurate extraction,accurate extraction,ADJ+NOUN,2,1,1,0.025836,False,rejected,-4.726453857206714e-05,
new findings,new finding,ADJ+NOUN,2,1,1,0.025836,False,rejected,-4.726453857206714e-05,
general consumption,general consumption,ADJ+NOUN,2,1,1,0.025836,False,rejected,-4.726453857206714e-05,
main parameters,main parameter,ADJ+NOUN,2,1,1,0.025836,False,rejected,-4.726453857206714e-05,
important indexing,important indexing,ADJ+NOUN,2,1,1,0.025836,False,rejected,-4.726453857206714e-05,
exponential indexing,exponential indexing,ADJ+NOUN,2,1,1,0.025836,False,rejected,-4.726453857206714e-05,
desirable feature,desirable feature,ADJ+NOUN,2,1,1,0.025836,False,rejected,-4.726453857206714e-05,
direct application,direct application,ADJ+NOUN,2,1,1,0.025836,False,rejected,-4.726453857206714e-05,
individual elements,individual element,ADJ+NOUN,2,1,1,0.025836,False,rejected,-4.726453857206714e-05,
redundant content,redundant content,ADJ+NOUN,2,1,1,0.025836,False,rejected,-4.726453857206714e-05,
unknown function,unknown function,ADJ+NOUN,2,1,1,0.025836,False,rejected,-4.726453857206714e-05,
virtual organizations,virtual organization,ADJ+NOUN,2,1,1,0.025836,False,rejected,-4.726453857206714e-05,
seamless manner,seamless manner,ADJ+NOUN,2,1,1,0.025836,False,rejected,-4.726453857206714e-05,
low cost,low cost,ADJ+NOUN,2,1,1,0.025836,False,rejected,-4.726453857206714e-05,
commercial products,commercial product,ADJ+NOUN,2,1,1,0.025836,False,rejected,-4.726453857206714e-05,
isolated tasks,isolated task,ADJ+NOUN,2,1,1,0.025836,False,rejected,-4.726453857206714e-05,
available nodes,available node,ADJ+NOUN,2,1,1,0.025836,False,rejected,-4.726453857206714e-05,
wide grid,wide grid,ADJ+NOUN,2,1,1,0.025836,False,rejected,-4.726453857206714e-05,
structured distribution,structured distribution,ADJ+NOUN,2,1,1,0.025836,False,rejected,-4.726453857206714e-05,
easy process,easy process,ADJ+NOUN,2,1,1,0.025836,False,rejected,-4.726453857206714e-05,
dynamic response,dynamic response,ADJ+NOUN,2,1,1,0.025836,False,rejected,-4.726453857206714e-05,
good choice,good choice,ADJ+NOUN,2,1,1,0.025836,False,rejected,-4.726453857206714e-05,
eclipse license,eclipse license,ADJ+NOUN,2,1,1,0.025836,False,rejected,-4.726453857206714e-05,
computational accuracy,computational accuracy,ADJ+NOUN,2,1,1,0.025836,False,rejected,-4.726453857206714e-05,
potential benefits,potential benefit,ADJ+NOUN,2,1,1,0.025836,False,rejected,-4.726453857206714e-05,
contemplated donation,contemplated donation,ADJ+NOUN,2,1,1,0.025836,False,rejected,-4.726453857206714e-05,
current form,current form,ADJ+NOUN,2,1,1,0.025836,False,rejected,-4.726453857206714e-05,
limited negotiation,limited negotiation,ADJ+NOUN,2,1,1,0.025836,False,rejected,-4.726453857206714e-05,
multiple parties,multiple party,ADJ+NOUN,2,1,1,0.025836,False,rejected,-4.726453857206714e-05,
circular dependencies,circular dependency,ADJ+NOUN,2,1,1,0.025836,False,rejected,-4.726453857206714e-05,
different levels,different level,ADJ+NOUN,2,1,1,0.025836,False,rejected,-4.726453857206714e-05,
different charities,different charity,ADJ+NOUN,2,1,1,0.025836,False,rejected,-4.726453857206714e-05,
limited expressiveness,limited expressiveness,ADJ+NOUN,2,1,1,0.025836,False,rejected,-4.726453857206714e-05,
economic loss,economic loss,ADJ+NOUN,2,1,1,0.025836,False,rejected,-4.726453857206714e-05,
general types,general type,ADJ+NOUN,2,1,1,0.025836,False,rejected,-4.726453857206714e-05,
corresponding clearing,corresponding clearing,ADJ+NOUN,2,1,1,0.025836,False,rejected,-4.726453857206714e-05,
restricted settings,restricted setting,ADJ+NOUN,2,1,1,0.025836,False,rejected,-4.726453857206714e-05,
linear programming,linear programming,ADJ+NOUN,2,1,1,0.025836,False,rejected,-4.726453857206714e-05,
weakly np,weakly np,ADJ+NOUN,2,1,1,0.025836,False,rejected,-4.726453857206714e-05,
restricted class,restricted class,ADJ+NOUN,2,1,1,0.025836,False,rejected,-4.726453857206714e-05,
neutral operation,neutral operation,ADJ+NOUN,2,1,1,0.025836,False,rejected,-4.726453857206714e-05,
future energy,future energy,ADJ+NOUN,2,1,1,0.025836,False,rejected,-4.726453857206714e-05,
perfect knowledge,perfect knowledge,ADJ+NOUN,2,1,1,0.025836,False,rejected,-4.726453857206714e-05,
future behavior,future behavior,ADJ+NOUN,2,1,1,0.025836,False,rejected,-4.726453857206714e-05,
solar energy,solar energy,ADJ+NOUN,2,1,1,0.025836,False,rejected,-4.726453857206714e-05,
environmental energy,environmental energy,ADJ+NOUN,2,1,1,0.025836,False,rejected,-4.726453857206714e-05,
aware power,aware power,ADJ+NOUN,2,1,1,0.025836,False,rejected,-4.726453857206714e-05,
individual learning,individual learning,ADJ+NOUN,2,1,1,0.025836,False,rejected,-4.726453857206714e-05,
online reasoning,online reasoning,ADJ+NOUN,2,1,1,0.025836,False,rejected,-4.726453857206714e-05,
abstract architecture,abstract architecture,ADJ+NOUN,2,1,1,0.025836,False,rejected,-4.726453857206714e-05,
local learning,local learning,ADJ+NOUN,2,1,1,0.025836,False,rejected,-4.726453857206714e-05,
powerful coordination,powerful coordination,ADJ+NOUN,2,1,1,0.025836,False,rejected,-4.726453857206714e-05,
clustering application,clustering application,ADJ+NOUN,2,1,1,0.025836,False,rejected,-4.726453857206714e-05,
conceptual framework,conceptual framework,ADJ+NOUN,2,1,1,0.025836,False,rejected,-4.726453857206714e-05,
different learners,different learner,ADJ+NOUN,2,1,1,0.025836,False,rejected,-4.726453857206714e-05,
different datasets,different dataset,ADJ+NOUN,2,1,1,0.025836,False,rejected,-4.726453857206714e-05,
future extensions,future extension,ADJ+NOUN,2,1,1,0.025836,False,rejected,-4.726453857206714e-05,
semantic interpretation,semantic interpretation,ADJ+NOUN,2,1,1,0.025836,False,rejected,-4.726453857206714e-05,
cryptographic hashing,cryptographic hashing,ADJ+NOUN,2,1,1,0.025836,False,rejected,-4.726453857206714e-05,
strict consistency,strict consistency,ADJ+NOUN,2,1,1,0.025836,False,rejected,-4.726453857206714e-05,
intensive applications,intensive application,ADJ+NOUN,2,1,1,0.025836,False,rejected,-4.726453857206714e-05,
intensive ones,intensive one,ADJ+NOUN,2,1,1,0.025836,False,rejected,-4.726453857206714e-05,
single processor,single processor,ADJ+NOUN,2,1,1,0.025836,False,rejected,-4.726453857206714e-05,
economic setting,economic setting,ADJ+NOUN,2,1,1,0.025836,False,rejected,-4.726453857206714e-05,
arbitrary value,arbitrary value,ADJ+NOUN,2,1,1,0.025836,False,rejected,-4.726453857206714e-05,
financial markets,financial market,ADJ+NOUN,2,1,1,0.025836,False,rejected,-4.726453857206714e-05,
average price,average price,ADJ+NOUN,2,1,1,0.025836,False,rejected,-4.726453857206714e-05,
extensive study,extensive study,ADJ+NOUN,2,1,1,0.025836,False,rejected,-4.726453857206714e-05,
competitive algorithms,competitive algorithm,ADJ+NOUN,2,1,1,0.025836,False,rejected,-4.726453857206714e-05,
online algorithms,online algorithm,ADJ+NOUN,2,1,1,0.025836,False,rejected,-4.726453857206714e-05,
common set,common set,ADJ+NOUN,2,1,1,0.025836,False,rejected,-4.726453857206714e-05,
successful task,successful task,ADJ+NOUN,2,1,1,0.025836,False,rejected,-4.726453857206714e-05,
strict generalization,strict generalization,ADJ+NOUN,2,1,1,0.025836,False,rejected,-4.726453857206714e-05,
potential function,potential function,ADJ+NOUN,2,1,1,0.025836,False,rejected,-4.726453857206714e-05,
main theorem,main theorem,ADJ+NOUN,2,1,1,0.025836,False,rejected,-4.726453857206714e-05,
identical resources,identical resource,ADJ+NOUN,2,1,1,0.025836,False,rejected,-4.726453857206714e-05,
major deficiency,major deficiency,ADJ+NOUN,2,1,1,0.025836,False,rejected,-4.726453857206714e-05,
optimal retrieval,optimal retrieval,ADJ+NOUN,2,1,1,0.025836,False,rejected,-4.726453857206714e-05,
current search,current search,ADJ+NOUN,2,1,1,0.025836,False,rejected,-4.726453857206714e-05,
personalized search,personalized search,ADJ+NOUN,2,1,1,0.025836,False,rejected,-4.726453857206714e-05,
theoretic framework,theoretic framework,ADJ+NOUN,2,1,1,0.025836,False,rejected,-4.726453857206714e-05,
intelligent client,intelligent client,ADJ+NOUN,2,1,1,0.025836,False,rejected,-4.726453857206714e-05,
overall change,overall change,ADJ+NOUN,2,1,1,0.025836,False,rejected,-4.726453857206714e-05,
inherent issue,inherent issue,ADJ+NOUN,2,1,1,0.025836,False,rejected,-4.726453857206714e-05,
available test,available test,ADJ+NOUN,2,1,1,0.025836,False,rejected,-4.726453857206714e-05,
additional relevance,additional relevance,ADJ+NOUN,2,1,1,0.025836,False,rejected,-4.726453857206714e-05,
manual processing,manual processing,ADJ+NOUN,2,1,1,0.025836,False,rejected,-4.726453857206714e-05,
theoretical investigations,theoretical investigation,ADJ+NOUN,2,1,1,0.025836,False,rejected,-4.726453857206714e-05,
inverse document,inverse document,ADJ+NOUN,2,1,1,0.025836,False,rejected,-4.726453857206714e-05,
intuitive idf,intuitive idf,ADJ+NOUN,2,1,1,0.025836,False,rejected,-4.726453857206714e-05,
probabilistic retrieval,probabilistic retrieval,ADJ+NOUN,2,1,1,0.025836,False,rejected,-4.726453857206714e-05,
single server,single server,ADJ+NOUN,2,1,1,0.025836,False,rejected,-4.726453857206714e-05,
monetary transfers,monetary transfer,ADJ+NOUN,2,1,1,0.025836,False,rejected,-4.726453857206714e-05,
wireless pdas,wireless pda,ADJ+NOUN,2,1,1,0.025836,False,rejected,-4.726453857206714e-05,
adequate functionality,adequate functionality,ADJ+NOUN,2,1,1,0.025836,False,rejected,-4.726453857206714e-05,
pda thinclient,pda thinclient,ADJ+NOUN,2,1,1,0.025836,False,rejected,-4.726453857206714e-05,
powerful servers,powerful server,ADJ+NOUN,2,1,1,0.025836,False,rejected,-4.726453857206714e-05,
simple screen,simple screen,ADJ+NOUN,2,1,1,0.025836,False,rejected,-4.726453857206714e-05,
seamless mobility,seamless mobility,ADJ+NOUN,2,1,1,0.025836,False,rejected,-4.726453857206714e-05,
different clients,different client,ADJ+NOUN,2,1,1,0.025836,False,rejected,-4.726453857206714e-05,
available screen,available screen,ADJ+NOUN,2,1,1,0.025836,False,rejected,-4.726453857206714e-05,
local pda,local pda,ADJ+NOUN,2,1,1,0.025836,False,rejected,-4.726453857206714e-05,
superior web,superior web,ADJ+NOUN,2,1,1,0.025836,False,rejected,-4.726453857206714e-05,
crucial browser,crucial browser,ADJ+NOUN,2,1,1,0.025836,False,rejected,-4.774076032669494e-05,
behavioral economics,behavioral economic,ADJ+NOUN,2,1,1,0.025836,False,rejected,-4.774076032669494e-05,
individual decision,individual decision,ADJ+NOUN,2,1,1,0.025836,False,rejected,-4.774076032669494e-05,
individual rationality,individual rationality,ADJ+NOUN,2,1,1,0.025836,False,rejected,-4.774076032669494e-05,
immediate gratification,immediate gratification,ADJ+NOUN,2,1,1,0.025836,False,rejected,-4.774076032669494e-05,
realistic descriptions,realistic description,ADJ+NOUN,2,1,1,0.025836,False,rejected,-4.774076032669494e-05,
psychological distortions,psychological distortion,ADJ+NOUN,2,1,1,0.025836,False,rejected,-4.774076032669494e-05,
behavioral literature,behavioral literature,ADJ+NOUN,2,1,1,0.025836,False,rejected,-4.774076032669494e-05,
effective adaptive,effective adaptive,ADJ+NOUN,2,1,1,0.025836,False,rejected,-4.774076032669494e-05,
operational conditions,operational condition,ADJ+NOUN,2,1,1,0.025836,False,rejected,-4.774076032669494e-05,
hybrid adaptive,hybrid adaptive,ADJ+NOUN,2,1,1,0.025836,False,rejected,-4.774076032669494e-05,
hybrid control,hybrid control,ADJ+NOUN,2,1,1,0.025836,False,rejected,-4.774076032669494e-05,
adaptive behavior,adaptive behavior,ADJ+NOUN,2,1,1,0.025836,False,rejected,-4.774076032669494e-05,
spatial proximities,spatial proximity,ADJ+NOUN,2,1,1,0.025836,False,rejected,-4.774076032669494e-05,
actual context,actual context,ADJ+NOUN,2,1,1,0.025836,False,rejected,-4.774076032669494e-05,
aware application,aware application,ADJ+NOUN,2,1,1,0.025836,False,rejected,-4.774076032669494e-05,
new mechanism,new mechanism,ADJ+NOUN,2,1,1,0.025836,False,rejected,-4.774076032669494e-05,
dynamic pari,dynamic pari,ADJ+NOUN,2,1,1,0.025836,False,rejected,-4.774076032669494e-05,
infinite buy,infinite buy,ADJ+NOUN,2,1,1,0.025836,False,rejected,-4.774076032669494e-05,
basic dpm,basic dpm,ADJ+NOUN,2,1,1,0.025836,False,rejected,-4.774076032669494e-05,
closed form,closed form,ADJ+NOUN,2,1,1,0.025836,False,rejected,-4.774076032669494e-05,
respective price,respective price,ADJ+NOUN,2,1,1,0.025836,False,rejected,-4.774076032669494e-05,
collaborative document,collaborative document,ADJ+NOUN,2,1,1,0.025836,False,rejected,-4.774076032669494e-05,
collaborative editing,collaborative editing,ADJ+NOUN,2,1,1,0.025836,False,rejected,-4.774076032669494e-05,
different angle,different angle,ADJ+NOUN,2,1,1,0.025836,False,rejected,-4.774076032669494e-05,
pervasive document,pervasive document,ADJ+NOUN,2,1,1,0.025836,False,rejected,-4.774076032669494e-05,
sophisticated collaboration,sophisticated collaboration,ADJ+NOUN,2,1,1,0.025836,False,rejected,-4.774076032669494e-05,
multiple devices,multiple device,ADJ+NOUN,2,1,1,0.025836,False,rejected,-4.774076032669494e-05,
conceptual architecture,conceptual architecture,ADJ+NOUN,2,1,1,0.025836,False,rejected,-4.774076032669494e-05,
private sectors,private sector,ADJ+NOUN,2,1,1,0.025836,False,rejected,-4.774076032669494e-05,
interactive work,interactive work,ADJ+NOUN,2,1,1,0.025836,False,rejected,-4.774076032669494e-05,
efficient approaches,efficient approach,ADJ+NOUN,2,1,1,0.025836,False,rejected,-4.774076032669494e-05,
remote access,remote access,ADJ+NOUN,2,1,1,0.025836,False,rejected,-4.774076032669494e-05,
individual clients,individual client,ADJ+NOUN,2,1,1,0.025836,False,rejected,-4.774076032669494e-05,
spatial query,spatial query,ADJ+NOUN,2,1,1,0.025836,False,rejected,-4.774076032669494e-05,
prolonged periods,prolonged period,ADJ+NOUN,2,1,1,0.025836,False,rejected,-4.774076032669494e-05,
centralized peer,centralized peer,ADJ+NOUN,2,1,1,0.025836,False,rejected,-4.774076032669494e-05,
active clients,active client,ADJ+NOUN,2,1,1,0.025836,False,rejected,-4.774076032669494e-05,
key difficulty,key difficulty,ADJ+NOUN,2,1,1,0.025836,False,rejected,-4.774076032669494e-05,
desirable outcome,desirable outcome,ADJ+NOUN,2,1,1,0.025836,False,rejected,-4.774076032669494e-05,
earlier work,early work,ADJ+NOUN,2,1,1,0.025836,False,rejected,-4.774076032669494e-05,
benevolent designer,benevolent designer,ADJ+NOUN,2,1,1,0.025836,False,rejected,-4.774076032669494e-05,
special cases,special case,ADJ+NOUN,2,1,1,0.025836,False,rejected,-4.774076032669494e-05,
interesting variant,interesting variant,ADJ+NOUN,2,1,1,0.025836,False,rejected,-4.774076032669494e-05,
deterministic auction,deterministic auction,ADJ+NOUN,2,1,1,0.025836,False,rejected,-4.774076032669494e-05,
randomized auction,randomized auction,ADJ+NOUN,2,1,1,0.025836,False,rejected,-4.774076032669494e-05,
vehicular ad,vehicular ad,ADJ+NOUN,2,1,1,0.025836,False,rejected,-4.774076032669494e-05,
termed zebroids,termed zebroid,ADJ+NOUN,2,1,1,0.025836,False,rejected,-4.774076032669494e-05,
mobile device,mobile device,ADJ+NOUN,2,1,1,0.025836,False,rejected,-4.774076032669494e-05,
rich set,rich set,ADJ+NOUN,2,1,1,0.025836,False,rejected,-4.774076032669494e-05,
repository size,repository size,ADJ+NOUN,2,1,1,0.025836,False,rejected,-4.774076032669494e-05,
novel insights,novel insight,ADJ+NOUN,2,1,1,0.025836,False,rejected,-4.774076032669494e-05,
minimal overhead,minimal overhead,ADJ+NOUN,2,1,1,0.025836,False,rejected,-4.774076032669494e-05,
surprising findings,surprising finding,ADJ+NOUN,2,1,1,0.025836,False,rejected,-4.774076032669494e-05,
random replacement,random replacement,ADJ+NOUN,2,1,1,0.025836,False,rejected,-4.774076032669494e-05,
simplified instantiation,simplified instantiation,ADJ+NOUN,2,1,1,0.025836,False,rejected,-4.774076032669494e-05,
celebrated achievement,celebrated achievement,ADJ+NOUN,2,1,1,0.025836,False,rejected,-4.774076032669494e-05,
optimal output,optimal output,ADJ+NOUN,2,1,1,0.025836,False,rejected,-4.774076032669494e-05,
optimal solution,optimal solution,ADJ+NOUN,2,1,1,0.025836,False,rejected,-4.774076032669494e-05,
vcg payment,vcg payment,ADJ+NOUN,2,1,1,0.025836,False,rejected,-4.774076032669494e-05,
binary demand,binary demand,ADJ+NOUN,2,1,1,0.025836,False,rejected,-4.774076032669494e-05,
available actions,available action,ADJ+NOUN,2,1,1,0.025836,False,rejected,-4.774076032669494e-05,
proper payment,proper payment,ADJ+NOUN,2,1,1,0.025836,False,rejected,-4.774076032669494e-05,
certain monotonicity,certain monotonicity,ADJ+NOUN,2,1,1,0.025836,False,rejected,-4.774076032669494e-05,
general composition,general composition,ADJ+NOUN,2,1,1,0.025836,False,rejected,-4.774076032669494e-05,
complex combinations,complex combination,ADJ+NOUN,2,1,1,0.025836,False,rejected,-4.774076032669494e-05,
current boom,current boom,ADJ+NOUN,2,1,1,0.025836,False,rejected,-4.774076032669494e-05,
automatic fashion,automatic fashion,ADJ+NOUN,2,1,1,0.025836,False,rejected,-4.774076032669494e-05,
trivial vector,trivial vector,ADJ+NOUN,2,1,1,0.025836,False,rejected,-4.774076032669494e-05,
sophisticated impedance,sophisticated impedance,ADJ+NOUN,2,1,1,0.025836,False,rejected,-4.774076032669494e-05,
vocabulary impedance,vocabulary impedance,ADJ+NOUN,2,1,1,0.025836,False,rejected,-4.774076032669494e-05,
extra gains,extra gain,ADJ+NOUN,2,1,1,0.025836,False,rejected,-4.774076032669494e-05,
great accuracy,great accuracy,ADJ+NOUN,2,1,1,0.025836,False,rejected,-4.774076032669494e-05,
appropriate algorithms,appropriate algorithm,ADJ+NOUN,2,1,1,0.025836,False,rejected,-4.774076032669494e-05,
common shortcoming,common shortcoming,ADJ+NOUN,2,1,1,0.025836,False,rejected,-4.774076032669494e-05,
previous techniques,previous technique,ADJ+NOUN,2,1,1,0.025836,False,rejected,-4.774076032669494e-05,
uncorrelated document,uncorrelated document,ADJ+NOUN,2,1,1,0.025836,False,rejected,-4.774076032669494e-05,
dimensional space,dimensional space,ADJ+NOUN,2,1,1,0.025836,False,rejected,-4.774076032669494e-05,
low correlation,low correlation,ADJ+NOUN,2,1,1,0.025836,False,rejected,-4.774076032669494e-05,
close documents,close document,ADJ+NOUN,2,1,1,0.025836,False,rejected,-4.774076032669494e-05,
poor retrieval,poor retrieval,ADJ+NOUN,2,1,1,0.025836,False,rejected,-4.774076032669494e-05,
better prediction,well prediction,ADJ+NOUN,2,1,1,0.025836,False,rejected,-4.774076032669494e-05,
new predictors,new predictor,ADJ+NOUN,2,1,1,0.025836,False,rejected,-4.774076032669494e-05,
classic predictors,classic predictor,ADJ+NOUN,2,1,1,0.025836,False,rejected,-4.774076032669494e-05,
massive number,massive number,ADJ+NOUN,2,1,1,0.025836,False,rejected,-4.774076032669494e-05,
dependent applications,dependent application,ADJ+NOUN,2,1,1,0.025836,False,rejected,-4.774076032669494e-05,
severe constraints,severe constraint,ADJ+NOUN,2,1,1,0.025836,False,rejected,-4.774076032669494e-05,
effective range,effective range,ADJ+NOUN,2,1,1,0.025836,False,rejected,-4.774076032669494e-05,
sequence positioning,sequence positioning,ADJ+NOUN,2,1,1,0.025836,False,rejected,-4.774076032669494e-05,
stationary sensor,stationary sensor,ADJ+NOUN,2,1,1,0.025836,False,rejected,-4.774076032669494e-05,
outdoor environments,outdoor environment,ADJ+NOUN,2,1,1,0.025836,False,rejected,-4.774076032669494e-05,
novel idea,novel idea,ADJ+NOUN,2,1,1,0.025836,False,rejected,-4.774076032669494e-05,
dimensional location,dimensional location,ADJ+NOUN,2,1,1,0.025836,False,rejected,-4.774076032669494e-05,
dimensional node,dimensional node,ADJ+NOUN,2,1,1,0.025836,False,rejected,-4.774076032669494e-05,
basic msp,basic msp,ADJ+NOUN,2,1,1,0.025836,False,rejected,-4.774076032669494e-05,
interesting issues,interesting issue,ADJ+NOUN,2,1,1,0.025836,False,rejected,-4.774076032669494e-05,
indoor version,indoor version,ADJ+NOUN,2,1,1,0.025836,False,rejected,-4.774076032669494e-05,
outdoor version,outdoor version,ADJ+NOUN,2,1,1,0.025836,False,rejected,-4.774076032669494e-05,
costly hardware,costly hardware,ADJ+NOUN,2,1,1,0.025836,False,rejected,-4.774076032669494e-05,
precise event,precise event,ADJ+NOUN,2,1,1,0.025836,False,rejected,-4.774076032669494e-05,
nice tradeoff,nice tradeoff,ADJ+NOUN,2,1,1,0.025836,False,rejected,-4.774076032669494e-05,
physical cost,physical cost,ADJ+NOUN,2,1,1,0.025836,False,rejected,-4.774076032669494e-05,
soft cost,soft cost,ADJ+NOUN,2,1,1,0.025836,False,rejected,-4.774076032669494e-05,
algorithmic mechanism,algorithmic mechanism,ADJ+NOUN,2,1,1,0.025836,False,rejected,-4.774076032669494e-05,
standard requirements,standard requirement,ADJ+NOUN,2,1,1,0.025836,False,rejected,-4.774076032669494e-05,
computational entities,computational entity,ADJ+NOUN,2,1,1,0.025836,False,rejected,-4.774076032669494e-05,
wider range,wide range,ADJ+NOUN,2,1,1,0.025836,False,rejected,-4.774076032669494e-05,
iterative elimination,iterative elimination,ADJ+NOUN,2,1,1,0.025836,False,rejected,-4.774076032669494e-05,
online auctions,online auction,ADJ+NOUN,2,1,1,0.025836,False,rejected,-4.774076032669494e-05,
relative lack,relative lack,ADJ+NOUN,2,1,1,0.025836,False,rejected,-4.774076032669494e-05,
fake bid,fake bid,ADJ+NOUN,2,1,1,0.025836,False,rejected,-4.774076032669494e-05,
second type,second type,ADJ+NOUN,2,1,1,0.025836,False,rejected,-4.774076032669494e-05,
connected network,connected network,ADJ+NOUN,2,1,1,0.025836,False,rejected,-4.774076032669494e-05,
occasional connectivity,occasional connectivity,ADJ+NOUN,2,1,1,0.025836,False,rejected,-4.774076032669494e-05,
intermittent network,intermittent network,ADJ+NOUN,2,1,1,0.025836,False,rejected,-4.774076032669494e-05,
physical world,physical world,ADJ+NOUN,2,1,1,0.025836,False,rejected,-4.774076032669494e-05,
large extent,large extent,ADJ+NOUN,2,1,1,0.025836,False,rejected,-4.821598244518499e-05,
human control,human control,ADJ+NOUN,2,1,1,0.025836,False,rejected,-4.821598244518499e-05,
respective computations,respective computation,ADJ+NOUN,2,1,1,0.025836,False,rejected,-4.821598244518499e-05,
geographical dispersion,geographical dispersion,ADJ+NOUN,2,1,1,0.025836,False,rejected,-4.821598244518499e-05,
crucial design,crucial design,ADJ+NOUN,2,1,1,0.025836,False,rejected,-4.821598244518499e-05,
appropriate abstractions,appropriate abstraction,ADJ+NOUN,2,1,1,0.025836,False,rejected,-4.821598244518499e-05,
mechanical components,mechanical component,ADJ+NOUN,2,1,1,0.025836,False,rejected,-4.821598244518499e-05,
different characteristics,different characteristic,ADJ+NOUN,2,1,1,0.025836,False,rejected,-4.821598244518499e-05,
pure software,pure software,ADJ+NOUN,2,1,1,0.025836,False,rejected,-4.821598244518499e-05,
physical environment,physical environment,ADJ+NOUN,2,1,1,0.025836,False,rejected,-4.821598244518499e-05,
autonomous components,autonomous component,ADJ+NOUN,2,1,1,0.025836,False,rejected,-4.821598244518499e-05,
architectural framework,architectural framework,ADJ+NOUN,2,1,1,0.025836,False,rejected,-4.821598244518499e-05,
integrated view,integrated view,ADJ+NOUN,2,1,1,0.025836,False,rejected,-4.821598244518499e-05,
real world,real world,ADJ+NOUN,2,1,1,0.025836,False,rejected,-4.821598244518499e-05,
different communication,different communication,ADJ+NOUN,2,1,1,0.025836,False,rejected,-4.821598244518499e-05,
appropriate middleware,appropriate middleware,ADJ+NOUN,2,1,1,0.025836,False,rejected,-4.821598244518499e-05,
temporal constraints,temporal constraint,ADJ+NOUN,2,1,1,0.025836,False,rejected,-4.821598244518499e-05,
predictable event,predictable event,ADJ+NOUN,2,1,1,0.025836,False,rejected,-4.821598244518499e-05,
relative forecast,relative forecast,ADJ+NOUN,2,1,1,0.025836,False,rejected,-4.821598244518499e-05,
subjective probability,subjective probability,ADJ+NOUN,2,1,1,0.025836,False,rejected,-4.821598244518499e-05,
multiple experts,multiple expert,ADJ+NOUN,2,1,1,0.025836,False,rejected,-4.821598244518499e-05,
accurate predictions,accurate prediction,ADJ+NOUN,2,1,1,0.025836,False,rejected,-4.821598244518499e-05,
arithmetic average,arithmetic average,ADJ+NOUN,2,1,1,0.025836,False,rejected,-4.821598244518499e-05,
efficient pooling,efficient pooling,ADJ+NOUN,2,1,1,0.025836,False,rejected,-4.821598244518499e-05,
bolder predictions,bold prediction,ADJ+NOUN,2,1,1,0.025836,False,rejected,-4.821598244518499e-05,
linear aggregation,linear aggregation,ADJ+NOUN,2,1,1,0.025836,False,rejected,-4.821598244518499e-05,
relative merits,relative merit,ADJ+NOUN,2,1,1,0.025836,False,rejected,-4.821598244518499e-05,
functional primitives,functional primitive,ADJ+NOUN,2,1,1,0.025836,False,rejected,-4.821598244518499e-05,
preliminary simulation,preliminary simulation,ADJ+NOUN,2,1,1,0.025836,False,rejected,-4.821598244518499e-05,
optical components,optical component,ADJ+NOUN,2,1,1,0.025836,False,rejected,-4.821598244518499e-05,
optical retro,optical retro,ADJ+NOUN,2,1,1,0.025836,False,rejected,-4.821598244518499e-05,
aerial device,aerial device,ADJ+NOUN,2,1,1,0.025836,False,rejected,-4.821598244518499e-05,
combinatorial exchange,combinatorial exchange,ADJ+NOUN,2,1,1,0.025836,False,rejected,-4.821598244518499e-05,
different trades,different trade,ADJ+NOUN,2,1,1,0.025836,False,rejected,-4.821598244518499e-05,
useful preference,useful preference,ADJ+NOUN,2,1,1,0.025836,False,rejected,-4.821598244518499e-05,
early rounds,early round,ADJ+NOUN,2,1,1,0.025836,False,rejected,-4.821598244518499e-05,
efficient trade,efficient trade,ADJ+NOUN,2,1,1,0.025836,False,rejected,-4.821598244518499e-05,
final payments,final payment,ADJ+NOUN,2,1,1,0.025836,False,rejected,-4.821598244518499e-05,
ongoing research,ongoing research,ADJ+NOUN,2,1,1,0.025836,False,rejected,-4.821598244518499e-05,
digital libraries,digital library,ADJ+NOUN,2,1,1,0.025836,False,rejected,-4.821598244518499e-05,
valid concepts,valid concept,ADJ+NOUN,2,1,1,0.025836,False,rejected,-4.821598244518499e-05,
intellectual domain,intellectual domain,ADJ+NOUN,2,1,1,0.025836,False,rejected,-4.821598244518499e-05,
practical aid,practical aid,ADJ+NOUN,2,1,1,0.025836,False,rejected,-4.821598244518499e-05,
necessary precondition,necessary precondition,ADJ+NOUN,2,1,1,0.025836,False,rejected,-4.821598244518499e-05,
dynamic interfaces,dynamic interface,ADJ+NOUN,2,1,1,0.025836,False,rejected,-4.821598244518499e-05,
current study,current study,ADJ+NOUN,2,1,1,0.025836,False,rejected,-4.821598244518499e-05,
unnecessary state,unnecessary state,ADJ+NOUN,2,1,1,0.025836,False,rejected,-4.821598244518499e-05,
commercial cdmg,commercial cdmg,ADJ+NOUN,2,1,1,0.025836,False,rejected,-4.821598244518499e-05,
interactive games,interactive game,ADJ+NOUN,2,1,1,0.025836,False,rejected,-4.821598244518499e-05,
global synchronization,global synchronization,ADJ+NOUN,2,1,1,0.025836,False,rejected,-4.821598244518499e-05,
bilateral market,bilateral market,ADJ+NOUN,2,1,1,0.025836,False,rejected,-4.821598244518499e-05,
heterogeneous setting,heterogeneous setting,ADJ+NOUN,2,1,1,0.025836,False,rejected,-4.821598244518499e-05,
desirable qualities,desirable quality,ADJ+NOUN,2,1,1,0.025836,False,rejected,-4.821598244518499e-05,
possible agreements,possible agreement,ADJ+NOUN,2,1,1,0.025836,False,rejected,-4.821598244518499e-05,
final price,final price,ADJ+NOUN,2,1,1,0.025836,False,rejected,-4.821598244518499e-05,
selfish caching,selfish caching,ADJ+NOUN,2,1,1,0.025836,False,rejected,-4.821598244518499e-05,
remote replica,remote replica,ADJ+NOUN,2,1,1,0.025836,False,rejected,-4.821598244518499e-05,
relative cost,relative cost,ADJ+NOUN,2,1,1,0.025836,False,rejected,-4.821598244518499e-05,
certain network,certain network,ADJ+NOUN,2,1,1,0.025836,False,rejected,-4.821598244518499e-05,
better bounds,well bound,ADJ+NOUN,2,1,1,0.025836,False,rejected,-4.821598244518499e-05,
best case,good case,ADJ+NOUN,2,1,1,0.025836,False,rejected,-4.821598244518499e-05,
necessary condition,necessary condition,ADJ+NOUN,2,1,1,0.025836,False,rejected,-4.821598244518499e-05,
special types,special type,ADJ+NOUN,2,1,1,0.025836,False,rejected,-4.821598244518499e-05,
linear inequality,linear inequality,ADJ+NOUN,2,1,1,0.025836,False,rejected,-4.821598244518499e-05,
archival storage,archival storage,ADJ+NOUN,2,1,1,0.025836,False,rejected,-4.869020724748707e-05,
interesting features,interesting feature,ADJ+NOUN,2,1,1,0.025836,False,rejected,-4.869020724748707e-05,
homogeneous sensor,homogeneous sensor,ADJ+NOUN,2,1,1,0.025836,False,rejected,-4.869020724748707e-05,
tier nature,tier nature,ADJ+NOUN,2,1,1,0.025836,False,rejected,-4.869020724748707e-05,
tethered proxies,tethered proxy,ADJ+NOUN,2,1,1,0.025836,False,rejected,-4.869020724748707e-05,
different storage,different storage,ADJ+NOUN,2,1,1,0.025836,False,rejected,-4.869020724748707e-05,
local archiving,local archiving,ADJ+NOUN,2,1,1,0.025836,False,rejected,-4.869020724748707e-05,
novel multi,novel multi,ADJ+NOUN,2,1,1,0.025836,False,rejected,-4.869020724748707e-05,
aware adaptive,aware adaptive,ADJ+NOUN,2,1,1,0.025836,False,rejected,-4.869020724748707e-05,
false hits,false hit,ADJ+NOUN,2,1,1,0.025836,False,rejected,-4.869020724748707e-05,
efficient storage,efficient storage,ADJ+NOUN,2,1,1,0.025836,False,rejected,-4.869020724748707e-05,
different players,different player,ADJ+NOUN,2,1,1,0.025836,False,rejected,-4.869020724748707e-05,
improved fairness,improved fairness,ADJ+NOUN,2,1,1,0.025836,False,rejected,-4.869020724748707e-05,
additional property,additional property,ADJ+NOUN,2,1,1,0.025836,False,rejected,-4.869020724748707e-05,
current implementation,current implementation,ADJ+NOUN,2,1,1,0.025836,False,rejected,-4.869020724748707e-05,
bayesian risk,bayesian risk,ADJ+NOUN,2,1,1,0.025836,False,rejected,-4.869020724748707e-05,
standard approaches,standard approach,ADJ+NOUN,2,1,1,0.025836,False,rejected,-4.869020724748707e-05,
poor probability,poor probability,ADJ+NOUN,2,1,1,0.025836,False,rejected,-4.869020724748707e-05,
empirical score,empirical score,ADJ+NOUN,2,1,1,0.025836,False,rejected,-4.869020724748707e-05,
relevant items,relevant item,ADJ+NOUN,2,1,1,0.025836,False,rejected,-4.869020724748707e-05,
new parameters,new parameter,ADJ+NOUN,2,1,1,0.025836,False,rejected,-4.869020724748707e-05,
unified utility,unified utility,ADJ+NOUN,2,1,1,0.025836,False,rejected,-4.869020724748707e-05,
new framework,new framework,ADJ+NOUN,2,1,1,0.025836,False,rejected,-4.869020724748707e-05,
effective way,effective way,ADJ+NOUN,2,1,1,0.025836,False,rejected,-4.869020724748707e-05,
different applications,different application,ADJ+NOUN,2,1,1,0.025836,False,rejected,-4.869020724748707e-05,
high precision,high precision,ADJ+NOUN,2,1,1,0.025836,False,rejected,-4.869020724748707e-05,
merged list,merged list,ADJ+NOUN,2,1,1,0.025836,False,rejected,-4.869020724748707e-05,
solid framework,solid framework,ADJ+NOUN,2,1,1,0.025836,False,rejected,-4.869020724748707e-05,
bipartite graph,bipartite graph,ADJ+NOUN,2,1,1,0.025836,False,rejected,-4.869020724748707e-05,
current measures,current measure,ADJ+NOUN,2,1,1,0.025836,False,rejected,-4.9163437047278213e-05,
easy topics,easy topic,ADJ+NOUN,2,1,1,0.025836,False,rejected,-4.9163437047278213e-05,
different effectiveness,different effectiveness,ADJ+NOUN,2,1,1,0.025836,False,rejected,-4.9163437047278213e-05,
simple techniques,simple technique,ADJ+NOUN,2,1,1,0.025836,False,rejected,-4.9163437047278213e-05,
geographic scopes,geographic scope,ADJ+NOUN,2,1,1,0.025836,False,rejected,-4.9163437047278213e-05,
real search,real search,ADJ+NOUN,2,1,1,0.025836,False,rejected,-4.9163437047278213e-05,
careful choice,careful choice,ADJ+NOUN,2,1,1,0.025836,False,rejected,-4.9163437047278213e-05,
suitable proximity,suitable proximity,ADJ+NOUN,2,1,1,0.025836,False,rejected,-4.9163437047278213e-05,
crucial success,crucial success,ADJ+NOUN,2,1,1,0.025836,False,rejected,-4.9163437047278213e-05,
fixed budget,fixed budget,ADJ+NOUN,2,1,1,0.025836,False,rejected,-4.963567415171288e-05,
multiple machines,multiple machine,ADJ+NOUN,2,1,1,0.025836,False,rejected,-4.963567415171288e-05,
individual preferences,individual preference,ADJ+NOUN,2,1,1,0.025836,False,rejected,-4.963567415171288e-05,
high efficiency,high efficiency,ADJ+NOUN,2,1,1,0.025836,False,rejected,-4.963567415171288e-05,
poor fairness,poor fairness,ADJ+NOUN,2,1,1,0.025836,False,rejected,-4.963567415171288e-05,
nice balance,nice balance,ADJ+NOUN,2,1,1,0.025836,False,rejected,-4.963567415171288e-05,
high degrees,high degree,ADJ+NOUN,2,1,1,0.025836,False,rejected,-4.963567415171288e-05,
primitive events,primitive event,ADJ+NOUN,2,1,1,0.025836,False,rejected,-4.963567415171288e-05,
important causality,important causality,ADJ+NOUN,2,1,1,0.025836,False,rejected,-4.963567415171288e-05,
additional control,additional control,ADJ+NOUN,2,1,1,0.025836,False,rejected,-4.963567415171288e-05,
partial order,partial order,ADJ+NOUN,2,1,1,0.025836,False,rejected,-4.963567415171288e-05,
transitive reduction,transitive reduction,ADJ+NOUN,2,1,1,0.025836,False,rejected,-4.963567415171288e-05,
long term,long term,ADJ+NOUN,2,1,1,0.025836,False,rejected,-4.963567415171288e-05,
new services,new service,ADJ+NOUN,2,1,1,0.025836,False,rejected,-4.963567415171288e-05,
greater commoditization,great commoditization,ADJ+NOUN,2,1,1,0.025836,False,rejected,-4.963567415171288e-05,
fundamental obstacle,fundamental obstacle,ADJ+NOUN,2,1,1,0.025836,False,rejected,-4.963567415171288e-05,
optimal routes,optimal route,ADJ+NOUN,2,1,1,0.025836,False,rejected,-4.963567415171288e-05,
new monitoring,new monitoring,ADJ+NOUN,2,1,1,0.025836,False,rejected,-4.963567415171288e-05,
minimum requirements,minimum requirement,ADJ+NOUN,2,1,1,0.025836,False,rejected,-4.963567415171288e-05,
best routing,good routing,ADJ+NOUN,2,1,1,0.025836,False,rejected,-4.963567415171288e-05,
specific guidance,specific guidance,ADJ+NOUN,2,1,1,0.025836,False,rejected,-4.963567415171288e-05,
hop networks,hop network,ADJ+NOUN,2,1,1,0.025836,False,rejected,-4.963567415171288e-05,
low priority,low priority,ADJ+NOUN,2,1,1,0.025836,False,rejected,-4.963567415171288e-05,
appropriate design,appropriate design,ADJ+NOUN,2,1,1,0.025836,False,rejected,-4.963567415171288e-05,
individual router,individual router,ADJ+NOUN,2,1,1,0.025836,False,rejected,-4.963567415171288e-05,
appropriate modeling,appropriate modeling,ADJ+NOUN,2,1,1,0.025836,False,rejected,-4.963567415171288e-05,
workflow modeling,workflow modeling,ADJ+NOUN,2,1,1,0.025836,False,rejected,-4.963567415171288e-05,
general scenario,general scenario,ADJ+NOUN,2,1,1,0.025836,False,rejected,-4.963567415171288e-05,
wide web,wide web,ADJ+NOUN,2,1,1,0.025836,False,rejected,-4.963567415171288e-05,
textual contents,textual content,ADJ+NOUN,2,1,1,0.025836,False,rejected,-4.963567415171288e-05,
complex hyperlinks,complex hyperlink,ADJ+NOUN,2,1,1,0.025836,False,rejected,-4.963567415171288e-05,
huge database,huge database,ADJ+NOUN,2,1,1,0.025836,False,rejected,-4.963567415171288e-05,
identical sample,identical sample,ADJ+NOUN,2,1,1,0.025836,False,rejected,-4.963567415171288e-05,
traditional mining,traditional mining,ADJ+NOUN,2,1,1,0.025836,False,rejected,-4.963567415171288e-05,
considerable attention,considerable attention,ADJ+NOUN,2,1,1,0.025836,False,rejected,-4.963567415171288e-05,
early stage,early stage,ADJ+NOUN,2,1,1,0.025836,False,rejected,-4.963567415171288e-05,
additional document,additional document,ADJ+NOUN,2,1,1,0.025836,False,rejected,-4.963567415171288e-05,
great simplicity,great simplicity,ADJ+NOUN,2,1,1,0.025836,False,rejected,-4.963567415171288e-05,
joint factorization,joint factorization,ADJ+NOUN,2,1,1,0.025836,False,rejected,-4.963567415171288e-05,
new representation,new representation,ADJ+NOUN,2,1,1,0.025836,False,rejected,-4.963567415171288e-05,
dimensional factor,dimensional factor,ADJ+NOUN,2,1,1,0.025836,False,rejected,-4.963567415171288e-05,
compact representation,compact representation,ADJ+NOUN,2,1,1,0.025836,False,rejected,-4.963567415171288e-05,
excellent accuracy,excellent accuracy,ADJ+NOUN,2,1,1,0.025836,False,rejected,-4.963567415171288e-05,
promising direction,promising direction,ADJ+NOUN,2,1,1,0.025836,False,rejected,-4.963567415171288e-05,
key issues,key issue,ADJ+NOUN,2,1,1,0.025836,False,rejected,-4.963567415171288e-05,
different web,different web,ADJ+NOUN,2,1,1,0.025836,False,rejected,-4.963567415171288e-05,
different forums,different forum,ADJ+NOUN,2,1,1,0.025836,False,rejected,-4.963567415171288e-05,
ranking algorithms,ranking algorithm,ADJ+NOUN,2,1,1,0.025836,False,rejected,-4.963567415171288e-05,
reciprocal rank,reciprocal rank,ADJ+NOUN,2,1,1,0.025836,False,rejected,-4.963567415171288e-05,
distinct urls,distinct url,ADJ+NOUN,2,1,1,0.025836,False,rejected,-4.963567415171288e-05,
general queries,general query,ADJ+NOUN,2,1,1,0.025836,False,rejected,-4.963567415171288e-05,
specific queries,specific query,ADJ+NOUN,2,1,1,0.025836,False,rejected,-4.963567415171288e-05,
certain web,certain web,ADJ+NOUN,2,1,1,0.025836,False,rejected,-4.963567415171288e-05,
static links,static link,ADJ+NOUN,2,1,1,0.025836,False,rejected,-5.01069208618532e-05,
recent studies,recent study,ADJ+NOUN,2,1,1,0.025836,False,rejected,-5.01069208618532e-05,
main challenge,main challenge,ADJ+NOUN,2,1,1,0.025836,False,rejected,-5.01069208618532e-05,
meaningful queries,meaningful query,ADJ+NOUN,2,1,1,0.025836,False,rejected,-5.01069208618532e-05,
hidden web,hidden web,ADJ+NOUN,2,1,1,0.025836,False,rejected,-5.01069208618532e-05,
effective policies,effective policy,ADJ+NOUN,2,1,1,0.025836,False,rejected,-5.01069208618532e-05,
different query,different query,ADJ+NOUN,2,1,1,0.025836,False,rejected,-5.01069208618532e-05,
implicit relevance,implicit relevance,ADJ+NOUN,2,1,1,0.025836,False,rejected,-5.01069208618532e-05,
searcher interests,searcher interest,ADJ+NOUN,2,1,1,0.025836,False,rejected,-5.01069208618532e-05,
scalar values,scalar value,ADJ+NOUN,2,1,1,0.025836,False,rejected,-5.01069208618532e-05,
natural way,natural way,ADJ+NOUN,2,1,1,0.025836,False,rejected,-5.01069208618532e-05,
multidimensional range,multidimensional range,ADJ+NOUN,2,1,1,0.025836,False,rejected,-5.01069208618532e-05,
light levels,light level,ADJ+NOUN,2,1,1,0.025836,False,rejected,-5.01069208618532e-05,
dimensional range,dimensional range,ADJ+NOUN,2,1,1,0.025836,False,rejected,-5.01069208618532e-05,
classical index,classical index,ADJ+NOUN,2,1,1,0.025836,False,rejected,-5.01069208618532e-05,
reasonable assumptions,reasonable assumption,ADJ+NOUN,2,1,1,0.025836,False,rejected,-5.01069208618532e-05,
detailed simulations,detailed simulation,ADJ+NOUN,2,1,1,0.025836,False,rejected,-5.01069208618532e-05,
sized network,sized network,ADJ+NOUN,2,1,1,0.025836,False,rejected,-5.01069208618532e-05,
small scale,small scale,ADJ+NOUN,2,1,1,0.025836,False,rejected,-5.01069208618532e-05,
novel study,novel study,ADJ+NOUN,2,1,1,0.025836,False,rejected,-5.01069208618532e-05,
global recommender,global recommender,ADJ+NOUN,2,1,1,0.025836,False,rejected,-5.01069208618532e-05,
individual rating,individual rating,ADJ+NOUN,2,1,1,0.025836,False,rejected,-5.01069208618532e-05,
direct uses,direct us,ADJ+NOUN,2,1,1,0.025836,False,rejected,-5.01069208618532e-05,
broad primitives,broad primitive,ADJ+NOUN,2,1,1,0.025836,False,rejected,-5.01069208618532e-05,
mobile environments,mobile environment,ADJ+NOUN,2,1,1,0.025836,False,rejected,-5.01069208618532e-05,
frequent disconnections,frequent disconnection,ADJ+NOUN,2,1,1,0.025836,False,rejected,-5.01069208618532e-05,
traditional middleware,traditional middleware,ADJ+NOUN,2,1,1,0.025836,False,rejected,-5.01069208618532e-05,
synchronous communication,synchronous communication,ADJ+NOUN,2,1,1,0.025836,False,rejected,-5.01069208618532e-05,
standard middleware,standard middleware,ADJ+NOUN,2,1,1,0.025836,False,rejected,-5.01069208618532e-05,
intermittent availability,intermittent availability,ADJ+NOUN,2,1,1,0.025836,False,rejected,-5.01069208618532e-05,
asynchronous communication,asynchronous communication,ADJ+NOUN,2,1,1,0.025836,False,rejected,-5.01069208618532e-05,
suitable paradigm,suitable paradigm,ADJ+NOUN,2,1,1,0.025836,False,rejected,-5.01069208618532e-05,
mobile computing,mobile computing,ADJ+NOUN,2,1,1,0.025836,False,rejected,-5.01069208618532e-05,
possible solutions,possible solution,ADJ+NOUN,2,1,1,0.025836,False,rejected,-5.01069208618532e-05,
concrete example,concrete example,ADJ+NOUN,2,1,1,0.025836,False,rejected,-5.01069208618532e-05,
common voting,common voting,ADJ+NOUN,2,1,1,0.025836,False,rejected,-5.01069208618532e-05,
transferable vote,transferable vote,ADJ+NOUN,2,1,1,0.025836,False,rejected,-5.01069208618532e-05,
deterministic communication,deterministic communication,ADJ+NOUN,2,1,1,0.025836,False,rejected,-5.01069208618532e-05,
heterogeneous idss,heterogeneous idss,ADJ+NOUN,2,1,1,0.025836,False,rejected,-5.01069208618532e-05,
computational aspects,computational aspect,ADJ+NOUN,2,1,1,0.025836,False,rejected,-5.01069208618532e-05,
unique solution,unique solution,ADJ+NOUN,2,1,1,0.025836,False,rejected,-5.01069208618532e-05,
weaker version,weak version,ADJ+NOUN,2,1,1,0.025836,False,rejected,-5.01069208618532e-05,
positive probability,positive probability,ADJ+NOUN,2,1,1,0.025836,False,rejected,-5.01069208618532e-05,
minimum support,minimum support,ADJ+NOUN,2,1,1,0.025836,False,rejected,-5.01069208618532e-05,
exponential number,exponential number,ADJ+NOUN,2,1,1,0.025836,False,rejected,-5.01069208618532e-05,
particular procurement,particular procurement,ADJ+NOUN,2,1,1,0.025836,False,rejected,-5.01069208618532e-05,
empirical mechanism,empirical mechanism,ADJ+NOUN,2,1,1,0.025836,False,rejected,-5.01069208618532e-05,
key design,key design,ADJ+NOUN,2,1,1,0.025836,False,rejected,-5.01069208618532e-05,
observed behavior,observed behavior,ADJ+NOUN,2,1,1,0.025836,False,rejected,-5.01069208618532e-05,
reasonable parameter,reasonable parameter,ADJ+NOUN,2,1,1,0.025836,False,rejected,-5.01069208618532e-05,
certain conditions,certain condition,ADJ+NOUN,2,1,1,0.025836,False,rejected,-5.01069208618532e-05,
optimal mechanism,optimal mechanism,ADJ+NOUN,2,1,1,0.025836,False,rejected,-5.01069208618532e-05,
better game,well game,ADJ+NOUN,2,1,1,0.025836,False,rejected,-5.01069208618532e-05,
physical network,physical network,ADJ+NOUN,2,1,1,0.025836,False,rejected,-5.01069208618532e-05,
different actions,different action,ADJ+NOUN,2,1,1,0.025836,False,rejected,-5.01069208618532e-05,
smoother game,smoother game,ADJ+NOUN,2,1,1,0.025836,False,rejected,-5.01069208618532e-05,
contemporaneous end,contemporaneous end,ADJ+NOUN,2,1,1,0.025836,False,rejected,-5.01069208618532e-05,
node population,node population,ADJ+NOUN,2,1,1,0.025836,False,rejected,-5.01069208618532e-05,
opportunistic network,opportunistic network,ADJ+NOUN,2,1,1,0.025836,False,rejected,-5.01069208618532e-05,
direct delivery,direct delivery,ADJ+NOUN,2,1,1,0.025836,False,rejected,-5.01069208618532e-05,
low delivery,low delivery,ADJ+NOUN,2,1,1,0.025836,False,rejected,-5.01069208618532e-05,
high resource,high resource,ADJ+NOUN,2,1,1,0.025836,False,rejected,-5.01069208618532e-05,
initial acceptance,initial acceptance,ADJ+NOUN,2,1,1,0.025836,False,rejected,-5.01069208618532e-05,
automated folder,automated folder,ADJ+NOUN,2,1,1,0.025836,False,rejected,-5.01069208618532e-05,
new task,new task,ADJ+NOUN,2,1,1,0.025836,False,rejected,-5.01069208618532e-05,
standard topic,standard topic,ADJ+NOUN,2,1,1,0.025836,False,rejected,-5.01069208618532e-05,
pure bag,pure bag,ADJ+NOUN,2,1,1,0.025836,False,rejected,-5.01069208618532e-05,
enriched feature,enriched feature,ADJ+NOUN,2,1,1,0.025836,False,rejected,-5.01069208618532e-05,
contextual cues,contextual cue,ADJ+NOUN,2,1,1,0.025836,False,rejected,-5.01069208618532e-05,
particular community,particular community,ADJ+NOUN,2,1,1,0.025836,False,rejected,-5.01069208618532e-05,
complete search,complete search,ADJ+NOUN,2,1,1,0.025836,False,rejected,-5.01069208618532e-05,
relevant domains,relevant domain,ADJ+NOUN,2,1,1,0.025836,False,rejected,-5.01069208618532e-05,
motivated algorithms,motivated algorithm,ADJ+NOUN,2,1,1,0.025836,False,rejected,-5.01069208618532e-05,
additional pages,additional page,ADJ+NOUN,2,1,1,0.025836,False,rejected,-5.01069208618532e-05,
certain domain,certain domain,ADJ+NOUN,2,1,1,0.025836,False,rejected,-5.01069208618532e-05,
biomedical literature,biomedical literature,ADJ+NOUN,2,1,1,0.025836,False,rejected,-5.01069208618532e-05,
conceptual retrieval,conceptual retrieval,ADJ+NOUN,2,1,1,0.025836,False,rejected,-5.01069208618532e-05,
lingual keyword,lingual keyword,ADJ+NOUN,2,1,1,0.025836,False,rejected,-5.01069208618532e-05,
effective means,effective mean,ADJ+NOUN,2,1,1,0.025836,False,rejected,-5.01069208618532e-05,
occurrence statistics,occurrence statistic,ADJ+NOUN,2,1,1,0.025836,False,rejected,-5.01069208618532e-05,
english clir,english clir,ADJ+NOUN,2,1,1,0.025836,False,rejected,-5.01069208618532e-05,
trec collections,trec collection,ADJ+NOUN,2,1,1,0.025836,False,rejected,-5.01069208618532e-05,
higher effectiveness,high effectiveness,ADJ+NOUN,2,1,1,0.025836,False,rejected,-5.01069208618532e-05,
traditional query,traditional query,ADJ+NOUN,2,1,1,0.025836,False,rejected,-5.01069208618532e-05,
little attention,little attention,ADJ+NOUN,2,1,1,0.025836,False,rejected,-5.01069208618532e-05,
principled solution,principled solution,ADJ+NOUN,2,1,1,0.025836,False,rejected,-5.01069208618532e-05,
temporal search,temporal search,ADJ+NOUN,2,1,1,0.025836,False,rejected,-5.01069208618532e-05,
temporal coalescing,temporal coalescing,ADJ+NOUN,2,1,1,0.025836,False,rejected,-5.01069208618532e-05,
comprehensive series,comprehensive series,ADJ+NOUN,2,1,1,0.025836,False,rejected,-5.01069208618532e-05,
new ranking,new ranking,ADJ+NOUN,2,1,1,0.025836,False,rejected,-5.01069208618532e-05,
multiple criteria,multiple criterion,ADJ+NOUN,2,1,1,0.025836,False,rejected,-5.01069208618532e-05,
negative reasons,negative reason,ADJ+NOUN,2,1,1,0.025836,False,rejected,-5.01069208618532e-05,
better rank,well rank,ADJ+NOUN,2,1,1,0.025836,False,rejected,-5.01069208618532e-05,
distinctive features,distinctive feature,ADJ+NOUN,2,1,1,0.025836,False,rejected,-5.01069208618532e-05,
benchmark evaluation,benchmark evaluation,ADJ+NOUN,2,1,1,0.025836,False,rejected,-5.01069208618532e-05,
logistic regression,logistic regression,ADJ+NOUN,2,1,1,0.025836,False,rejected,-5.01069208618532e-05,
incremental rocchio,incremental rocchio,ADJ+NOUN,2,1,1,0.025836,False,rejected,-5.01069208618532e-05,
adaptive filtering,adaptive filtering,ADJ+NOUN,2,1,1,0.025836,False,rejected,-5.01069208618532e-05,
stationary topics,stationary topic,ADJ+NOUN,2,1,1,0.025836,False,rejected,-5.01069208618532e-05,
trec utility,trec utility,ADJ+NOUN,2,1,1,0.025836,False,rejected,-5.01069208618532e-05,
corpus parameter,corpus parameter,ADJ+NOUN,2,1,1,0.025836,False,rejected,-5.01069208618532e-05,
small portion,small portion,ADJ+NOUN,2,1,1,0.025836,False,rejected,-5.01069208618532e-05,
mobile countersniper,mobile countersniper,ADJ+NOUN,2,1,1,0.025836,False,rejected,-5.01069208618532e-05,
internode communication,internode communication,ADJ+NOUN,2,1,1,0.025836,False,rejected,-5.01069208618532e-05,
acoustic detection,acoustic detection,ADJ+NOUN,2,1,1,0.025836,False,rejected,-5.01069208618532e-05,
heterogeneous sensor,heterogeneous sensor,ADJ+NOUN,2,1,1,0.025836,False,rejected,-5.01069208618532e-05,
single sensor,single sensor,ADJ+NOUN,2,1,1,0.025836,False,rejected,-5.01069208618532e-05,
ballistic shockwaves,ballistic shockwave,ADJ+NOUN,2,1,1,0.025836,False,rejected,-5.01069208618532e-05,
multiple sensors,multiple sensor,ADJ+NOUN,2,1,1,0.025836,False,rejected,-5.01069208618532e-05,
independent evaluation,independent evaluation,ADJ+NOUN,2,1,1,0.025836,False,rejected,-5.01069208618532e-05,
informational requirements,informational requirement,ADJ+NOUN,2,1,1,0.025836,False,rejected,-5.01069208618532e-05,
arbitrary distribution,arbitrary distribution,ADJ+NOUN,2,1,1,0.025836,False,rejected,-5.01069208618532e-05,
identical items,identical item,ADJ+NOUN,2,1,1,0.025836,False,rejected,-5.01069208618532e-05,
open question,open question,ADJ+NOUN,2,1,1,0.025836,False,rejected,-5.01069208618532e-05,
unlimited supply,unlimited supply,ADJ+NOUN,2,1,1,0.025836,False,rejected,-5.01069208618532e-05,
novel index,novel index,ADJ+NOUN,2,1,1,0.025836,False,rejected,-5.01069208618532e-05,
minimum distance,minimum distance,ADJ+NOUN,2,1,1,0.025836,False,rejected,-5.01069208618532e-05,
average distance,average distance,ADJ+NOUN,2,1,1,0.025836,False,rejected,-5.01069208618532e-05,
maximum value,maximum value,ADJ+NOUN,2,1,1,0.025836,False,rejected,-5.01069208618532e-05,
good index,good index,ADJ+NOUN,2,1,1,0.025836,False,rejected,-5.01069208618532e-05,
general sensor,general sensor,ADJ+NOUN,2,1,1,0.025836,False,rejected,-5.01069208618532e-05,
greedy algorithm,greedy algorithm,ADJ+NOUN,2,1,1,0.025836,False,rejected,-5.01069208618532e-05,
good application,good application,ADJ+NOUN,2,1,1,0.025836,False,rejected,-5.01069208618532e-05,
unique set,unique set,ADJ+NOUN,2,1,1,0.025836,False,rejected,-5.01069208618532e-05,
large populations,large population,ADJ+NOUN,2,1,1,0.025836,False,rejected,-5.01069208618532e-05,
high turnover,high turnover,ADJ+NOUN,2,1,1,0.025836,False,rejected,-5.01069208618532e-05,
generalized prisoner,generalized prisoner,ADJ+NOUN,2,1,1,0.025836,False,rejected,-5.01069208618532e-05,
reciprocative decision,reciprocative decision,ADJ+NOUN,2,1,1,0.025836,False,rejected,-5.01069208618532e-05,
subjective reputation,subjective reputation,ADJ+NOUN,2,1,1,0.025836,False,rejected,-5.01069208618532e-05,
stranger policies,stranger policy,ADJ+NOUN,2,1,1,0.025836,False,rejected,-5.01069208618532e-05,
optimal levels,optimal level,ADJ+NOUN,2,1,1,0.025836,False,rejected,-5.01069208618532e-05,
computational load,computational load,ADJ+NOUN,2,1,1,0.025836,False,rejected,-5.01069208618532e-05,
true valuations,true valuation,ADJ+NOUN,2,1,1,0.025836,False,rejected,-5.01069208618532e-05,
exhaustive search,exhaustive search,ADJ+NOUN,2,1,1,0.025836,False,rejected,-5.01069208618532e-05,
centralized winner,centralized winner,ADJ+NOUN,2,1,1,0.025836,False,rejected,-5.01069208618532e-05,
detailed views,detailed view,ADJ+NOUN,2,1,1,0.025836,False,rejected,-5.01069208618532e-05,
scalable aggregation,scalable aggregation,ADJ+NOUN,2,1,1,0.025836,False,rejected,-5.01069208618532e-05,
simple api,simple api,ADJ+NOUN,2,1,1,0.025836,False,rejected,-5.01069208618532e-05,
simple extensions,simple extension,ADJ+NOUN,2,1,1,0.025836,False,rejected,-5.01069208618532e-05,
dht algorithms,dht algorithm,ADJ+NOUN,2,1,1,0.025836,False,rejected,-5.01069208618532e-05,
lazy reaggregation,lazy reaggregation,ADJ+NOUN,2,1,1,0.025836,False,rejected,-5.01069208618532e-05,
spatial replication,spatial replication,ADJ+NOUN,2,1,1,0.025836,False,rejected,-5.01069208618532e-05,
benchmark experiments,benchmark experiment,ADJ+NOUN,2,1,1,0.025836,False,rejected,-5.01069208618532e-05,
flat dhts,flat dht,ADJ+NOUN,2,1,1,0.025836,False,rejected,-5.01069208618532e-05,
natural extension,natural extension,ADJ+NOUN,2,1,1,0.025836,False,rejected,-5.01069208618532e-05,
evolutionary game,evolutionary game,ADJ+NOUN,2,1,1,0.025836,False,rejected,-5.01069208618532e-05,
undirected graph,undirected graph,ADJ+NOUN,2,1,1,0.025836,False,rejected,-5.01069208618532e-05,
stable strategy,stable strategy,ADJ+NOUN,2,1,1,0.025836,False,rejected,-5.01069208618532e-05,
classical ess,classical ess,ADJ+NOUN,2,1,1,0.025836,False,rejected,-5.01069208618532e-05,
natural strengthenings,natural strengthening,ADJ+NOUN,2,1,1,0.025836,False,rejected,-5.01069208618532e-05,
generalized ess,generalized ess,ADJ+NOUN,2,1,1,0.025836,False,rejected,-5.01069208618532e-05,
real web,real web,ADJ+NOUN,2,1,1,0.025836,False,rejected,-5.01069208618532e-05,
common web,common web,ADJ+NOUN,2,1,1,0.025836,False,rejected,-5.01069208618532e-05,
large scale,large scale,ADJ+NOUN,2,1,1,0.025836,False,rejected,-5.01069208618532e-05,
popular web,popular web,ADJ+NOUN,2,1,1,0.025836,False,rejected,-5.01069208618532e-05,
competitive web,competitive web,ADJ+NOUN,2,1,1,0.025836,False,rejected,-5.01069208618532e-05,
static features,static feature,ADJ+NOUN,2,1,1,0.025836,False,rejected,-5.01069208618532e-05,
current prediction,current prediction,ADJ+NOUN,2,1,1,0.025836,False,rejected,-5.01069208618532e-05,
homogenous test,homogenous test,ADJ+NOUN,2,1,1,0.025836,False,rejected,-5.01069208618532e-05,
small sizes,small size,ADJ+NOUN,2,1,1,0.025836,False,rejected,-5.01069208618532e-05,
realistic situation,realistic situation,ADJ+NOUN,2,1,1,0.025836,False,rejected,-5.01069208618532e-05,
novel query,novel query,ADJ+NOUN,2,1,1,0.025836,False,rejected,-5.01069208618532e-05,
current state,current state,ADJ+NOUN,2,1,1,0.025836,False,rejected,-5.01069208618532e-05,
similar transformation,similar transformation,ADJ+NOUN,2,1,1,0.025836,False,rejected,-5.01069208618532e-05,
naive strategy,naive strategy,ADJ+NOUN,2,1,1,0.025836,False,rejected,-5.01069208618532e-05,
sensitive stemming,sensitive stemming,ADJ+NOUN,2,1,1,0.025836,False,rejected,-5.01069208618532e-05,
unique properties,unique property,ADJ+NOUN,2,1,1,0.025836,False,rejected,-5.01069208618532e-05,
morphological variants,morphological variant,ADJ+NOUN,2,1,1,0.025836,False,rejected,-5.01069208618532e-05,
bad expansions,bad expansion,ADJ+NOUN,2,1,1,0.025836,False,rejected,-5.01069208618532e-05,
sensitive document,sensitive document,ADJ+NOUN,2,1,1,0.025836,False,rejected,-5.01069208618532e-05,
conservative strategy,conservative strategy,ADJ+NOUN,2,1,1,0.025836,False,rejected,-5.01069208618532e-05,
spurious stemming,spurious stemming,ADJ+NOUN,2,1,1,0.025836,False,rejected,-5.01069208618532e-05,
major web,major web,ADJ+NOUN,2,1,1,0.025836,False,rejected,-5.01069208618532e-05,
contextual advertising,contextual advertising,ADJ+NOUN,2,1,1,0.025836,False,rejected,-5.01069208618532e-05,
textual advertisements,textual advertisement,ADJ+NOUN,2,1,1,0.025836,False,rejected,-5.01069208618532e-05,
generic web,generic web,ADJ+NOUN,2,1,1,0.025836,False,rejected,-5.01069208618532e-05,
commercial ad,commercial ad,ADJ+NOUN,2,1,1,0.025836,False,rejected,-5.01069208618532e-05,
twin goal,twin goal,ADJ+NOUN,2,1,1,0.025836,False,rejected,-5.01069208618532e-05,
generic ads,generic ad,ADJ+NOUN,2,1,1,0.025836,False,rejected,-5.01069208618532e-05,
textual ads,textual ad,ADJ+NOUN,2,1,1,0.025836,False,rejected,-5.01069208618532e-05,
previous solutions,previous solution,ADJ+NOUN,2,1,1,0.025836,False,rejected,-5.01069208618532e-05,
irrelevant ads,irrelevant ad,ADJ+NOUN,2,1,1,0.025836,False,rejected,-5.01069208618532e-05,
contextual ad,contextual ad,ADJ+NOUN,2,1,1,0.025836,False,rejected,-5.01069208618532e-05,
syntactic features,syntactic feature,ADJ+NOUN,2,1,1,0.025836,False,rejected,-5.01069208618532e-05,
major limitation,major limitation,ADJ+NOUN,2,1,1,0.025836,False,rejected,-5.01069208618532e-05,
sensitive retrieval,sensitive retrieval,ADJ+NOUN,2,1,1,0.025836,False,rejected,-5.01069208618532e-05,
current query,current query,ADJ+NOUN,2,1,1,0.025836,False,rejected,-5.01069208618532e-05,
overwhelming volume,overwhelming volume,ADJ+NOUN,2,1,1,0.025836,False,rejected,-5.01069208618532e-05,
online news,online news,ADJ+NOUN,2,1,1,0.025836,False,rejected,-5.01069208618532e-05,
available today,available today,ADJ+NOUN,2,1,1,0.025836,False,rejected,-5.01069208618532e-05,
automatic techniques,automatic technique,ADJ+NOUN,2,1,1,0.025836,False,rejected,-5.01069208618532e-05,
efficient manner,efficient manner,ADJ+NOUN,2,1,1,0.025836,False,rejected,-5.01069208618532e-05,
previous research,previous research,ADJ+NOUN,2,1,1,0.025836,False,rejected,-5.01069208618532e-05,
flat collection,flat collection,ADJ+NOUN,2,1,1,0.025836,False,rejected,-5.01069208618532e-05,
rich structure,rich structure,ADJ+NOUN,2,1,1,0.025836,False,rejected,-5.01069208618532e-05,
flat list,flat list,ADJ+NOUN,2,1,1,0.025836,False,rejected,-5.01069208618532e-05,
standard word,standard word,ADJ+NOUN,2,1,1,0.025836,False,rejected,-5.01069208618532e-05,
temporal locality,temporal locality,ADJ+NOUN,2,1,1,0.025836,False,rejected,-5.01069208618532e-05,
wireless radios,wireless radio,ADJ+NOUN,2,1,1,0.025836,False,rejected,-5.01069208618532e-05,
consistent map,consistent map,ADJ+NOUN,2,1,1,0.025836,False,rejected,-5.01069208618532e-05,
spectral utilization,spectral utilization,ADJ+NOUN,2,1,1,0.025836,False,rejected,-5.01069208618532e-05,
inherent requirements,inherent requirement,ADJ+NOUN,2,1,1,0.025836,False,rejected,-5.01069208618532e-05,
incremental gossiping,incremental gossiping,ADJ+NOUN,2,1,1,0.025836,False,rejected,-5.01069208618532e-05,
spectral sensing,spectral sensing,ADJ+NOUN,2,1,1,0.025836,False,rejected,-5.01069208618532e-05,
initial solution,initial solution,ADJ+NOUN,2,1,1,0.025836,False,rejected,-5.01069208618532e-05,
alternative approaches,alternative approach,ADJ+NOUN,2,1,1,0.025836,False,rejected,-5.01069208618532e-05,
enforceable commitments,enforceable commitment,ADJ+NOUN,2,1,1,0.025836,False,rejected,-5.01069208618532e-05,
best interests,good interest,ADJ+NOUN,2,1,1,0.025836,False,rejected,-5.01069208618532e-05,
alternative repair,alternative repair,ADJ+NOUN,2,1,1,0.025836,False,rejected,-5.01069208618532e-05,
adequate revenue,adequate revenue,ADJ+NOUN,2,1,1,0.025836,False,rejected,-5.01069208618532e-05,
undue disturbance,undue disturbance,ADJ+NOUN,2,1,1,0.025836,False,rejected,-5.01069208618532e-05,
original solution,original solution,ADJ+NOUN,2,1,1,0.025836,False,rejected,-5.01069208618532e-05,
unreliable bidders,unreliable bidder,ADJ+NOUN,2,1,1,0.025836,False,rejected,-5.01069208618532e-05,
possible withdrawals,possible withdrawal,ADJ+NOUN,2,1,1,0.025836,False,rejected,-5.01069208618532e-05,
bounded loss,bounded loss,ADJ+NOUN,2,1,1,0.025836,False,rejected,-5.01069208618532e-05,
new solution,new solution,ADJ+NOUN,2,1,1,0.025836,False,rejected,-5.01069208618532e-05,
limited changes,limited change,ADJ+NOUN,2,1,1,0.025836,False,rejected,-5.01069208618532e-05,
mutual bid,mutual bid,ADJ+NOUN,2,1,1,0.025836,False,rejected,-5.01069208618532e-05,
motivated auction,motivated auction,ADJ+NOUN,2,1,1,0.025836,False,rejected,-5.01069208618532e-05,
different constraints,different constraint,ADJ+NOUN,2,1,1,0.025836,False,rejected,-5.01069208618532e-05,
extra bidders,extra bidder,ADJ+NOUN,2,1,1,0.025836,False,rejected,-5.01069208618532e-05,
distrusted bidders,distrusted bidder,ADJ+NOUN,2,1,1,0.025836,False,rejected,-5.01069208618532e-05,
measured manner,measured manner,ADJ+NOUN,2,1,1,0.025836,False,rejected,-5.01069208618532e-05,
average recommendations,average recommendation,ADJ+NOUN,2,1,1,0.025836,False,rejected,-5.01069208618532e-05,
viral marketing,viral marketing,ADJ+NOUN,2,1,1,0.025836,False,rejected,-5.01069208618532e-05,
composite workflows,composite workflow,ADJ+NOUN,2,1,1,0.025836,False,rejected,-5.01069208618532e-05,
streamlined functionality,streamlined functionality,ADJ+NOUN,2,1,1,0.025836,False,rejected,-5.01069208618532e-05,
recent research,recent research,ADJ+NOUN,2,1,1,0.025836,False,rejected,-5.01069208618532e-05,
best practices,good practice,ADJ+NOUN,2,1,1,0.025836,False,rejected,-5.01069208618532e-05,
actual service,actual service,ADJ+NOUN,2,1,1,0.025836,False,rejected,-5.01069208618532e-05,
modern business,modern business,ADJ+NOUN,2,1,1,0.025836,False,rejected,-5.01069208618532e-05,
multiple web,multiple web,ADJ+NOUN,2,1,1,0.025836,False,rejected,-5.01069208618532e-05,
multiple business,multiple business,ADJ+NOUN,2,1,1,0.025836,False,rejected,-5.01069208618532e-05,
genetic search,genetic search,ADJ+NOUN,2,1,1,0.025836,False,rejected,-5.01069208618532e-05,
better mappings,well mapping,ADJ+NOUN,2,1,1,0.025836,False,rejected,-5.01069208618532e-05,
traditional approaches,traditional approach,ADJ+NOUN,2,1,1,0.025836,False,rejected,-5.01069208618532e-05,
fouryear college,fouryear college,ADJ+NOUN,2,1,1,0.025836,False,rejected,-5.01069208618532e-05,
national recognition,national recognition,ADJ+NOUN,2,1,1,0.025836,False,rejected,-5.01069208618532e-05,
best operating,good operating,ADJ+NOUN,2,1,1,0.025836,False,rejected,-5.01069208618532e-05,
future artists,future artist,ADJ+NOUN,2,1,1,0.025836,False,rejected,-5.01069208618532e-05,
nonlinear video,nonlinear video,ADJ+NOUN,2,1,1,0.025836,False,rejected,-5.01069208618532e-05,
digital video,digital video,ADJ+NOUN,2,1,1,0.025836,False,rejected,-5.01069208618532e-05,
expensive unix,expensive unix,ADJ+NOUN,2,1,1,0.025836,False,rejected,-5.01069208618532e-05,
visual artists,visual artist,ADJ+NOUN,2,1,1,0.025836,False,rejected,-5.01069208618532e-05,
digital realm,digital realm,ADJ+NOUN,2,1,1,0.025836,False,rejected,-5.01069208618532e-05,
public computer,public computer,ADJ+NOUN,2,1,1,0.025836,False,rejected,-5.01069208618532e-05,
lost processing,lost processing,ADJ+NOUN,2,1,1,0.025836,False,rejected,-5.01069208618532e-05,
xgrid environment,xgrid environment,ADJ+NOUN,2,1,1,0.025836,False,rejected,-5.01069208618532e-05,
potential applications,potential application,ADJ+NOUN,2,1,1,0.025836,False,rejected,-5.01069208618532e-05,
marginal contributions,marginal contribution,ADJ+NOUN,2,1,1,0.025836,False,rejected,-5.01069208618532e-05,
important solution,important solution,ADJ+NOUN,2,1,1,0.025836,False,rejected,-5.01069208618532e-05,
graphical interpretation,graphical interpretation,ADJ+NOUN,2,1,1,0.025836,False,rejected,-5.01069208618532e-05,
accurate modeling,accurate modeling,ADJ+NOUN,2,1,1,0.025836,False,rejected,-5.01069208618532e-05,
important applications,important application,ADJ+NOUN,2,1,1,0.025836,False,rejected,-5.01069208618532e-05,
key insight,key insight,ADJ+NOUN,2,1,1,0.025836,False,rejected,-5.01069208618532e-05,
dependent deviations,dependent deviation,ADJ+NOUN,2,1,1,0.025836,False,rejected,-5.01069208618532e-05,
clickthrough interpretation,clickthrough interpretation,ADJ+NOUN,2,1,1,0.025836,False,rejected,-5.01069208618532e-05,
higher preference,high preference,ADJ+NOUN,2,1,1,0.025836,False,rejected,-5.01069208618532e-05,
substantial improvements,substantial improvement,ADJ+NOUN,2,1,1,0.025836,False,rejected,-5.01069208618532e-05,
intensive organisations,intensive organisation,ADJ+NOUN,2,1,1,0.025836,False,rejected,-5.01069208618532e-05,
multilingual expertise,multilingual expertise,ADJ+NOUN,2,1,1,0.025836,False,rejected,-5.01069208618532e-05,
main expertise,main expertise,ADJ+NOUN,2,1,1,0.025836,False,rejected,-5.01069208618532e-05,
generative language,generative language,ADJ+NOUN,2,1,1,0.025836,False,rejected,-5.01069208618532e-05,
characteristic features,characteristic feature,ADJ+NOUN,2,1,1,0.025836,False,rejected,-5.01069208618532e-05,
hierarchical structure,hierarchical structure,ADJ+NOUN,2,1,1,0.025836,False,rejected,-5.01069208618532e-05,
roundtable meetings,roundtable meeting,ADJ+NOUN,2,1,1,0.025836,False,rejected,-5.01069208618532e-05,
continuous speech,continuous speech,ADJ+NOUN,2,1,1,0.025836,False,rejected,-5.01069208618532e-05,
arbitrary queries,arbitrary query,ADJ+NOUN,2,1,1,0.025836,False,rejected,-5.01069208618532e-05,
phonetic lattices,phonetic lattice,ADJ+NOUN,2,1,1,0.025836,False,rejected,-5.01069208618532e-05,
overall ranking,overall ranking,ADJ+NOUN,2,1,1,0.025836,False,rejected,-5.01069208618532e-05,
recent nist,recent nist,ADJ+NOUN,2,1,1,0.025836,False,rejected,-5.01069208618532e-05,
weighted training,weighted training,ADJ+NOUN,2,1,1,0.025836,False,rejected,-5.01069208618532e-05,
ranking predictions,ranking prediction,ADJ+NOUN,2,1,1,0.025836,False,rejected,-5.01069208618532e-05,
fundamental challenges,fundamental challenge,ADJ+NOUN,2,1,1,0.025836,False,rejected,-5.01069208618532e-05,
adaptive solutions,adaptive solution,ADJ+NOUN,2,1,1,0.025836,False,rejected,-5.01069208618532e-05,
paramount importance,paramount importance,ADJ+NOUN,2,1,1,0.025836,False,rejected,-5.01069208618532e-05,
current traffic,current traffic,ADJ+NOUN,2,1,1,0.025836,False,rejected,-5.01069208618532e-05,
different airlines,different airline,ADJ+NOUN,2,1,1,0.025836,False,rejected,-5.01069208618532e-05,
limited resources,limited resource,ADJ+NOUN,2,1,1,0.025836,False,rejected,-5.01069208618532e-05,
heavy traffic,heavy traffic,ADJ+NOUN,2,1,1,0.025836,False,rejected,-5.01069208618532e-05,
agent algorithm,agent algorithm,ADJ+NOUN,2,1,1,0.025836,False,rejected,-5.01069208618532e-05,
specific location,specific location,ADJ+NOUN,2,1,1,0.025836,False,rejected,-5.01069208618532e-05,
personalized rewards,personalized reward,ADJ+NOUN,2,1,1,0.025836,False,rejected,-5.01069208618532e-05,
global reward,global reward,ADJ+NOUN,2,1,1,0.025836,False,rejected,-5.01069208618532e-05,
current industry,current industry,ADJ+NOUN,2,1,1,0.025836,False,rejected,-5.01069208618532e-05,
unexpected event,unexpected event,ADJ+NOUN,2,1,1,0.025836,False,rejected,-5.01069208618532e-05,
global consistency,global consistency,ADJ+NOUN,2,1,1,0.025836,False,rejected,-5.01069208618532e-05,
wide class,wide class,ADJ+NOUN,2,1,1,0.025836,False,rejected,-5.01069208618532e-05,
experimental framework,experimental framework,ADJ+NOUN,2,1,1,0.025836,False,rejected,-5.01069208618532e-05,
relative efficiency,relative efficiency,ADJ+NOUN,2,1,1,0.025836,False,rejected,-5.01069208618532e-05,
different interaction,different interaction,ADJ+NOUN,2,1,1,0.025836,False,rejected,-5.01069208618532e-05,
critical situation,critical situation,ADJ+NOUN,2,1,1,0.025836,False,rejected,-5.01069208618532e-05,
optimal protocol,optimal protocol,ADJ+NOUN,2,1,1,0.025836,False,rejected,-5.01069208618532e-05,
cooperative context,cooperative context,ADJ+NOUN,2,1,1,0.025836,False,rejected,-5.01069208618532e-05,
complex dependencies,complex dependency,ADJ+NOUN,2,1,1,0.025836,False,rejected,-5.01069208618532e-05,
multiple issues,multiple issue,ADJ+NOUN,2,1,1,0.025836,False,rejected,-5.01069208618532e-05,
cooperative agents,cooperative agent,ADJ+NOUN,2,1,1,0.025836,False,rejected,-5.01069208618532e-05,
common objective,common objective,ADJ+NOUN,2,1,1,0.025836,False,rejected,-5.01069208618532e-05,
multiple goals,multiple goal,ADJ+NOUN,2,1,1,0.025836,False,rejected,-5.01069208618532e-05,
possible transitions,possible transition,ADJ+NOUN,2,1,1,0.025836,False,rejected,-5.01069208618532e-05,
ordinal utility,ordinal utility,ADJ+NOUN,2,1,1,0.025836,False,rejected,-5.01069208618532e-05,
nash implementation,nash implementation,ADJ+NOUN,2,1,1,0.025836,False,rejected,-5.01069208618532e-05,
different properties,different property,ADJ+NOUN,2,1,1,0.025836,False,rejected,-5.01069208618532e-05,
usual requirement,usual requirement,ADJ+NOUN,2,1,1,0.025836,False,rejected,-5.01069208618532e-05,
relevant remarks,relevant remark,ADJ+NOUN,2,1,1,0.025836,False,rejected,-5.01069208618532e-05,
natural evolution,natural evolution,ADJ+NOUN,2,1,1,0.025836,False,rejected,-5.01069208618532e-05,
urban areas,urban area,ADJ+NOUN,2,1,1,0.025836,False,rejected,-5.01069208618532e-05,
interested car,interested car,ADJ+NOUN,2,1,1,0.025836,False,rejected,-5.01069208618532e-05,
real transportation,real transportation,ADJ+NOUN,2,1,1,0.025836,False,rejected,-5.01069208618532e-05,
large city,large city,ADJ+NOUN,2,1,1,0.025836,False,rejected,-5.01069208618532e-05,
sided multiattribute,sided multiattribute,ADJ+NOUN,2,1,1,0.025836,False,rejected,-5.01069208618532e-05,
optimal set,optimal set,ADJ+NOUN,2,1,1,0.025836,False,rejected,-5.01069208618532e-05,
semantic framework,semantic framework,ADJ+NOUN,2,1,1,0.025836,False,rejected,-5.01069208618532e-05,
expressible offers,expressible offer,ADJ+NOUN,2,1,1,0.025836,False,rejected,-5.01069208618532e-05,
optimal pairwise,optimal pairwise,ADJ+NOUN,2,1,1,0.025836,False,rejected,-5.01069208618532e-05,
bilateral matching,bilateral matching,ADJ+NOUN,2,1,1,0.025836,False,rejected,-5.01069208618532e-05,
global allocations,global allocation,ADJ+NOUN,2,1,1,0.025836,False,rejected,-5.01069208618532e-05,
experimental trials,experimental trial,ADJ+NOUN,2,1,1,0.025836,False,rejected,-5.01069208618532e-05,
logical framework,logical framework,ADJ+NOUN,2,1,1,0.025836,False,rejected,-5.01069208618532e-05,
extended abduction,extended abduction,ADJ+NOUN,2,1,1,0.025836,False,rejected,-5.01069208618532e-05,
artificial intelligence,artificial intelligence,ADJ+NOUN,2,1,1,0.025836,False,rejected,-5.01069208618532e-05,
cooperative query,cooperative query,ADJ+NOUN,2,1,1,0.025836,False,rejected,-5.01069208618532e-05,
conditional proposals,conditional proposal,ADJ+NOUN,2,1,1,0.025836,False,rejected,-5.01069208618532e-05,
new proposals,new proposal,ADJ+NOUN,2,1,1,0.025836,False,rejected,-5.01069208618532e-05,
stochastic resource,stochastic resource,ADJ+NOUN,2,1,1,0.025836,False,rejected,-5.01069208618532e-05,
complex resource,complex resource,ADJ+NOUN,2,1,1,0.025836,False,rejected,-5.01069208618532e-05,
heuristic search,heuristic search,ADJ+NOUN,2,1,1,0.025836,False,rejected,-5.01069208618532e-05,
dynamic programming,dynamic programming,ADJ+NOUN,2,1,1,0.025836,False,rejected,-5.01069208618532e-05,
significant states,significant state,ADJ+NOUN,2,1,1,0.025836,False,rejected,-5.01069208618532e-05,
multiple resources,multiple resource,ADJ+NOUN,2,1,1,0.025836,False,rejected,-5.01069208618532e-05,
recent years,recent year,ADJ+NOUN,2,1,1,0.025836,False,rejected,-5.01069208618532e-05,
efficient resource,efficient resource,ADJ+NOUN,2,1,1,0.025836,False,rejected,-5.01069208618532e-05,
prior work,prior work,ADJ+NOUN,2,1,1,0.025836,False,rejected,-5.01069208618532e-05,
static resource,static resource,ADJ+NOUN,2,1,1,0.025836,False,rejected,-5.01069208618532e-05,
combinatorial resource,combinatorial resource,ADJ+NOUN,2,1,1,0.025836,False,rejected,-5.01069208618532e-05,
finite periods,finite period,ADJ+NOUN,2,1,1,0.025836,False,rejected,-5.01069208618532e-05,
efficient procedure,efficient procedure,ADJ+NOUN,2,1,1,0.025836,False,rejected,-5.01069208618532e-05,
stochastic job,stochastic job,ADJ+NOUN,2,1,1,0.025836,False,rejected,-5.01069208618532e-05,
successful negotiators,successful negotiator,ADJ+NOUN,2,1,1,0.025836,False,rejected,-5.01069208618532e-05,
primitive concepts,primitive concept,ADJ+NOUN,2,1,1,0.025836,False,rejected,-5.01069208618532e-05,
utilitarian view,utilitarian view,ADJ+NOUN,2,1,1,0.025836,False,rejected,-5.01069208618532e-05,
current intimacy,current intimacy,ADJ+NOUN,2,1,1,0.025836,False,rejected,-5.01069208618532e-05,
successful deal,successful deal,ADJ+NOUN,2,1,1,0.025836,False,rejected,-5.01069208618532e-05,
successive negotiation,successive negotiation,ADJ+NOUN,2,1,1,0.025836,False,rejected,-5.01069208618532e-05,
electronic communication,electronic communication,ADJ+NOUN,2,1,1,0.025836,False,rejected,-5.01069208618532e-05,
academic researchers,academic researcher,ADJ+NOUN,2,1,1,0.025836,False,rejected,-5.01069208618532e-05,
industrial practitioners,industrial practitioner,ADJ+NOUN,2,1,1,0.025836,False,rejected,-5.01069208618532e-05,
high cost,high cost,ADJ+NOUN,2,1,1,0.025836,False,rejected,-5.01069208618532e-05,
online svms,online svms,ADJ+NOUN,2,1,1,0.025836,False,rejected,-5.01069208618532e-05,
online svm,online svm,ADJ+NOUN,2,1,1,0.025836,False,rejected,-5.01069208618532e-05,
traditional game,traditional game,ADJ+NOUN,2,1,1,0.025836,False,rejected,-5.01069208618532e-05,
real life,real life,ADJ+NOUN,2,1,1,0.025836,False,rejected,-5.01069208618532e-05,
particular action,particular action,ADJ+NOUN,2,1,1,0.025836,False,rejected,-5.01069208618532e-05,
priori probability,priori probability,ADJ+NOUN,2,1,1,0.025836,False,rejected,-5.01069208618532e-05,
actual world,actual world,ADJ+NOUN,2,1,1,0.025836,False,rejected,-5.01069208618532e-05,
underlying worlds,underlying world,ADJ+NOUN,2,1,1,0.025836,False,rejected,-5.01069208618532e-05,
constant sum,constant sum,ADJ+NOUN,2,1,1,0.025836,False,rejected,-5.01069208618532e-05,
trivial task,trivial task,ADJ+NOUN,2,1,1,0.025836,False,rejected,-5.01069208618532e-05,
crucial condition,crucial condition,ADJ+NOUN,2,1,1,0.025836,False,rejected,-5.01069208618532e-05,
heterogeneous agents,heterogeneous agent,ADJ+NOUN,2,1,1,0.025836,False,rejected,-5.01069208618532e-05,
different reputation,different reputation,ADJ+NOUN,2,1,1,0.025836,False,rejected,-5.01069208618532e-05,
significant complexity,significant complexity,ADJ+NOUN,2,1,1,0.025836,False,rejected,-5.057717947232199e-05,
approximate solutions,approximate solution,ADJ+NOUN,2,1,1,0.025836,False,rejected,-5.057717947232199e-05,
global optimality,global optimality,ADJ+NOUN,2,1,1,0.025836,False,rejected,-5.057717947232199e-05,
novel combination,novel combination,ADJ+NOUN,2,1,1,0.025836,False,rejected,-5.057717947232199e-05,
easier scale,easy scale,ADJ+NOUN,2,1,1,0.025836,False,rejected,-5.057717947232199e-05,
systematic tradeoff,systematic tradeoff,ADJ+NOUN,2,1,1,0.025836,False,rejected,-5.057717947232199e-05,
optimal algorithms,optimal algorithm,ADJ+NOUN,2,1,1,0.025836,False,rejected,-5.057717947232199e-05,
dynamic environments,dynamic environment,ADJ+NOUN,2,1,1,0.025836,False,rejected,-5.057717947232199e-05,
shared ontology,shared ontology,ADJ+NOUN,2,1,1,0.025836,False,rejected,-5.057717947232199e-05,
repetitive interactions,repetitive interaction,ADJ+NOUN,2,1,1,0.025836,False,rejected,-5.057717947232199e-05,
accurate learning,accurate learning,ADJ+NOUN,2,1,1,0.025836,False,rejected,-5.057717947232199e-05,
semantic similarity,semantic similarity,ADJ+NOUN,2,1,1,0.025836,False,rejected,-5.057717947232199e-05,
different similarity,different similarity,ADJ+NOUN,2,1,1,0.025836,False,rejected,-5.057717947232199e-05,
extensive form,extensive form,ADJ+NOUN,2,1,1,0.025836,False,rejected,-5.057717947232199e-05,
computational game,computational game,ADJ+NOUN,2,1,1,0.025836,False,rejected,-5.057717947232199e-05,
isomorphic abstraction,isomorphic abstraction,ADJ+NOUN,2,1,1,0.025836,False,rejected,-5.057717947232199e-05,
sequential game,sequential game,ADJ+NOUN,2,1,1,0.025836,False,rejected,-5.057717947232199e-05,
observable actions,observable action,ADJ+NOUN,2,1,1,0.025836,False,rejected,-5.057717947232199e-05,
smaller game,small game,ADJ+NOUN,2,1,1,0.025836,False,rejected,-5.057717947232199e-05,
original game,original game,ADJ+NOUN,2,1,1,0.025836,False,rejected,-5.057717947232199e-05,
largest poker,large poker,ADJ+NOUN,2,1,1,0.025836,False,rejected,-5.057717947232199e-05,
appropriate ratio,appropriate ratio,ADJ+NOUN,2,1,1,0.025836,False,rejected,-5.057717947232199e-05,
wide variety,wide variety,ADJ+NOUN,2,1,1,0.025836,False,rejected,-5.057717947232199e-05,
online forums,online forum,ADJ+NOUN,2,1,1,0.025836,False,rejected,-5.057717947232199e-05,
formal analyses,formal analysis,ADJ+NOUN,2,1,1,0.025836,False,rejected,-5.057717947232199e-05,
adversarial multiagent,adversarial multiagent,ADJ+NOUN,2,1,1,0.025836,False,rejected,-5.057717947232199e-05,
intentional threats,intentional threat,ADJ+NOUN,2,1,1,0.025836,False,rejected,-5.057717947232199e-05,
critical issue,critical issue,ADJ+NOUN,2,1,1,0.025836,False,rejected,-5.057717947232199e-05,
unknown adversaries,unknown adversary,ADJ+NOUN,2,1,1,0.025836,False,rejected,-5.057717947232199e-05,
multiagent security,multiagent security,ADJ+NOUN,2,1,1,0.025836,False,rejected,-5.057717947232199e-05,
key advantages,key advantage,ADJ+NOUN,2,1,1,0.025836,False,rejected,-5.057717947232199e-05,
feasible strategies,feasible strategy,ADJ+NOUN,2,1,1,0.025836,False,rejected,-5.057717947232199e-05,
mixed integer,mixed integer,ADJ+NOUN,2,1,1,0.025836,False,rejected,-5.057717947232199e-05,
higher rewards,high reward,ADJ+NOUN,2,1,1,0.025836,False,rejected,-5.057717947232199e-05,
important basis,important basis,ADJ+NOUN,2,1,1,0.025836,False,rejected,-5.057717947232199e-05,
best way,good way,ADJ+NOUN,2,1,1,0.025836,False,rejected,-5.057717947232199e-05,
environmental features,environmental feature,ADJ+NOUN,2,1,1,0.025836,False,rejected,-5.057717947232199e-05,
available resources,available resource,ADJ+NOUN,2,1,1,0.025836,False,rejected,-5.057717947232199e-05,
environmental conditions,environmental condition,ADJ+NOUN,2,1,1,0.025836,False,rejected,-5.057717947232199e-05,
real environments,real environment,ADJ+NOUN,2,1,1,0.025836,False,rejected,-5.057717947232199e-05,
certain characteristics,certain characteristic,ADJ+NOUN,2,1,1,0.025836,False,rejected,-5.057717947232199e-05,
important effect,important effect,ADJ+NOUN,2,1,1,0.025836,False,rejected,-5.057717947232199e-05,
agent architecture,agent architecture,ADJ+NOUN,2,1,1,0.025836,False,rejected,-5.057717947232199e-05,
centralized algorithm,centralized algorithm,ADJ+NOUN,2,1,1,0.025836,False,rejected,-5.057717947232199e-05,
complete ontology,complete ontology,ADJ+NOUN,2,1,1,0.025836,False,rejected,-5.057717947232199e-05,
key technology,key technology,ADJ+NOUN,2,1,1,0.025836,False,rejected,-5.057717947232199e-05,
ontological entities,ontological entity,ADJ+NOUN,2,1,1,0.025836,False,rejected,-5.057717947232199e-05,
prior integration,prior integration,ADJ+NOUN,2,1,1,0.025836,False,rejected,-5.057717947232199e-05,
external sources,external source,ADJ+NOUN,2,1,1,0.025836,False,rejected,-5.057717947232199e-05,
respective perception,respective perception,ADJ+NOUN,2,1,1,0.025836,False,rejected,-5.057717947232199e-05,
previous representation,previous representation,ADJ+NOUN,2,1,1,0.025836,False,rejected,-5.057717947232199e-05,
dynamic influence,dynamic influence,ADJ+NOUN,2,1,1,0.025836,False,rejected,-5.057717947232199e-05,
essential requirement,essential requirement,ADJ+NOUN,2,1,1,0.025836,False,rejected,-5.057717947232199e-05,
multilateral way,multilateral way,ADJ+NOUN,2,1,1,0.025836,False,rejected,-5.057717947232199e-05,
main modules,main module,ADJ+NOUN,2,1,1,0.025836,False,rejected,-5.057717947232199e-05,
continuous limit,continuous limit,ADJ+NOUN,2,1,1,0.025836,False,rejected,-5.057717947232199e-05,
modern equity,modern equity,ADJ+NOUN,2,1,1,0.025836,False,rejected,-5.057717947232199e-05,
large changes,large change,ADJ+NOUN,2,1,1,0.025836,False,rejected,-5.057717947232199e-05,
common measures,common measure,ADJ+NOUN,2,1,1,0.025836,False,rejected,-5.057717947232199e-05,
small perturbations,small perturbation,ADJ+NOUN,2,1,1,0.025836,False,rejected,-5.057717947232199e-05,
current order,current order,ADJ+NOUN,2,1,1,0.025836,False,rejected,-5.057717947232199e-05,
current bid,current bid,ADJ+NOUN,2,1,1,0.025836,False,rejected,-5.057717947232199e-05,
strong stability,strong stability,ADJ+NOUN,2,1,1,0.025836,False,rejected,-5.057717947232199e-05,
great instability,great instability,ADJ+NOUN,2,1,1,0.025836,False,rejected,-5.057717947232199e-05,
electronic exchange,electronic exchange,ADJ+NOUN,2,1,1,0.025836,False,rejected,-5.057717947232199e-05,
dominant bidding strategy,dominant bidding strategy,ADJ+NOUN+NOUN,3,1,1,0.024691,False,rejected,-5.057717947232199e-05,
approximate equilibrium strategies,approximate equilibrium strategy,ADJ+NOUN+NOUN,3,1,1,0.024691,False,rejected,-5.057717947232199e-05,
better solution qualities,well solution quality,ADJ+NOUN+NOUN,3,1,1,0.024691,False,rejected,-5.057717947232199e-05,
higher solution qualities,high solution quality,ADJ+NOUN+NOUN,3,1,1,0.024691,False,rejected,-5.057717947232199e-05,
coalitional solution concepts,coalitional solution concept,ADJ+NOUN+NOUN,3,1,1,0.024691,False,rejected,-5.057717947232199e-05,
independent beta distributions,independent beta distribution,ADJ+NOUN+NOUN,3,1,1,0.024691,False,rejected,-5.057717947232199e-05,
extended markov tracking,extended markov tracking,ADJ+NOUN+NOUN,3,1,1,0.024691,False,rejected,-5.057717947232199e-05,
greedy action selection,greedy action selection,ADJ+NOUN+NOUN,3,1,1,0.024691,False,rejected,-5.057717947232199e-05,
general dcop instances,general dcop instance,ADJ+NOUN+NOUN,3,1,1,0.024691,False,rejected,-5.057717947232199e-05,
sequential path cost,sequential path cost,ADJ+NOUN+NOUN,3,1,1,0.024691,False,rejected,-5.057717947232199e-05,
agent interaction mechanisms,agent interaction mechanism,ADJ+NOUN+NOUN,3,1,1,0.024691,False,rejected,-5.057717947232199e-05,
formal execution semantics,formal execution semantic,ADJ+NOUN+NOUN,3,1,1,0.024691,False,rejected,-5.057717947232199e-05,
organizational programming language,organizational programming language,ADJ+NOUN+NOUN,3,1,1,0.024691,False,rejected,-5.057717947232199e-05,
key solution concepts,key solution concept,ADJ+NOUN+NOUN,3,1,1,0.024691,False,rejected,-5.057717947232199e-05,
specific voting games,specific voting game,ADJ+NOUN+NOUN,3,1,1,0.024691,False,rejected,-5.057717947232199e-05,
general voting games,general voting game,ADJ+NOUN+NOUN,3,1,1,0.024691,False,rejected,-5.057717947232199e-05,
approximate shapley value,approximate shapley value,ADJ+NOUN+NOUN,3,1,1,0.024691,False,rejected,-5.057717947232199e-05,
primitive building block,primitive building block,ADJ+NOUN+NOUN,3,1,1,0.024691,False,rejected,-5.057717947232199e-05,
new logic ctlkp,new logic ctlkp,ADJ+NOUN+NOUN,3,1,1,0.024691,False,rejected,-5.057717947232199e-05,
automatic title extraction,automatic title extraction,ADJ+NOUN+NOUN,3,1,1,0.024691,False,rejected,-5.057717947232199e-05,
important indexing schemes,important indexing scheme,ADJ+NOUN+NOUN,3,1,1,0.024691,False,rejected,-5.057717947232199e-05,
exponential indexing schemes,exponential indexing scheme,ADJ+NOUN+NOUN,3,1,1,0.024691,False,rejected,-5.057717947232199e-05,
combinatorial auction protocols,combinatorial auction protocol,ADJ+NOUN+NOUN,3,1,1,0.024691,False,rejected,-5.057717947232199e-05,
wide grid environment,wide grid environment,ADJ+NOUN+NOUN,3,1,1,0.024691,False,rejected,-5.057717947232199e-05,
easy process monitoring,easy process monitoring,ADJ+NOUN+NOUN,3,1,1,0.024691,False,rejected,-5.057717947232199e-05,
future energy opportunities,future energy opportunity,ADJ+NOUN+NOUN,3,1,1,0.024691,False,rejected,-5.057717947232199e-05,
solar energy harvesting,solar energy harvesting,ADJ+NOUN+NOUN,3,1,1,0.024691,False,rejected,-5.057717947232199e-05,
aware power management,aware power management,ADJ+NOUN+NOUN,3,1,1,0.024691,False,rejected,-5.057717947232199e-05,
individual learning processes,individual learning process,ADJ+NOUN+NOUN,3,1,1,0.024691,False,rejected,-5.057717947232199e-05,
local learning processes,local learning process,ADJ+NOUN+NOUN,3,1,1,0.024691,False,rejected,-5.057717947232199e-05,
dynamic web content,dynamic web content,ADJ+NOUN+NOUN,3,1,1,0.024691,False,rejected,-5.057717947232199e-05,
strict consistency semantics,strict consistency semantic,ADJ+NOUN+NOUN,3,1,1,0.024691,False,rejected,-5.057717947232199e-05,
dynamic web sites,dynamic web site,ADJ+NOUN+NOUN,3,1,1,0.024691,False,rejected,-5.057717947232199e-05,
average price trading,average price trading,ADJ+NOUN+NOUN,3,1,1,0.024691,False,rejected,-5.057717947232199e-05,
successful task completion,successful task completion,ADJ+NOUN+NOUN,3,1,1,0.024691,False,rejected,-5.057717947232199e-05,
available test collections,available test collection,ADJ+NOUN+NOUN,3,1,1,0.024691,False,rejected,-5.057717947232199e-05,
additional relevance judgments,additional relevance judgment,ADJ+NOUN+NOUN,3,1,1,0.024691,False,rejected,-5.057717947232199e-05,
inverse document frequency,inverse document frequency,ADJ+NOUN+NOUN,3,1,1,0.024691,False,rejected,-5.057717947232199e-05,
pda thinclient solution,pda thinclient solution,ADJ+NOUN+NOUN,3,1,1,0.024691,False,rejected,-5.057717947232199e-05,
simple screen updates,simple screen update,ADJ+NOUN+NOUN,3,1,1,0.024691,False,rejected,-5.057717947232199e-05,
available screen resolution,available screen resolution,ADJ+NOUN+NOUN,3,1,1,0.024691,False,rejected,-5.057717947232199e-05,
local pda web,local pda web,ADJ+NOUN+NOUN,3,1,1,0.024691,False,rejected,-5.057717947232199e-05,
crucial browser helper,crucial browser helper,ADJ+NOUN+NOUN,3,1,1,0.024691,False,rejected,-5.057717947232199e-05,
individual decision making,individual decision making,ADJ+NOUN+NOUN,3,1,1,0.024691,False,rejected,-5.057717947232199e-05,
effective adaptive resource,effective adaptive resource,ADJ+NOUN+NOUN,3,1,1,0.024691,False,rejected,-5.057717947232199e-05,
hybrid adaptive resourcemanagement,hybrid adaptive resourcemanagement,ADJ+NOUN+NOUN,3,1,1,0.024691,False,rejected,-5.057717947232199e-05,
hybrid control techniques,hybrid control technique,ADJ+NOUN+NOUN,3,1,1,0.024691,False,rejected,-5.057717947232199e-05,
double auction format,double auction format,ADJ+NOUN+NOUN,3,1,1,0.024691,False,rejected,-5.057717947232199e-05,
respective price functions,respective price function,ADJ+NOUN+NOUN,3,1,1,0.024691,False,rejected,-5.057717947232199e-05,
collaborative document processing,collaborative document processing,ADJ+NOUN+NOUN,3,1,1,0.024691,False,rejected,-5.057717947232199e-05,
pervasive document editing,pervasive document editing,ADJ+NOUN+NOUN,3,1,1,0.024691,False,rejected,-5.057717947232199e-05,
sophisticated collaboration scenarios,sophisticated collaboration scenario,ADJ+NOUN+NOUN,3,1,1,0.024691,False,rejected,-5.057717947232199e-05,
spatial query evaluation,spatial query evaluation,ADJ+NOUN+NOUN,3,1,1,0.024691,False,rejected,-5.057717947232199e-05,
combinatorial auction design,combinatorial auction design,ADJ+NOUN+NOUN,3,1,1,0.024691,False,rejected,-5.057717947232199e-05,
random replacement policy,random replacement policy,ADJ+NOUN+NOUN,3,1,1,0.024691,False,rejected,-5.057717947232199e-05,
truthful mechanism design,truthful mechanism design,ADJ+NOUN+NOUN,3,1,1,0.024691,False,rejected,-5.057717947232199e-05,
vcg payment scheme,vcg payment scheme,ADJ+NOUN+NOUN,3,1,1,0.024691,False,rejected,-5.057717947232199e-05,
binary demand games,binary demand game,ADJ+NOUN+NOUN,3,1,1,0.024691,False,rejected,-5.057717947232199e-05,
certain monotonicity property,certain monotonicity property,ADJ+NOUN+NOUN,3,1,1,0.024691,False,rejected,-5.057717947232199e-05,
average precision figures,average precision figure,ADJ+NOUN+NOUN,3,1,1,0.024691,False,rejected,-5.057717947232199e-05,
sophisticated impedance coupling,sophisticated impedance coupling,ADJ+NOUN+NOUN,3,1,1,0.024691,False,rejected,-5.057717947232199e-05,
uncorrelated document scores,uncorrelated document score,ADJ+NOUN+NOUN,3,1,1,0.024691,False,rejected,-5.057717947232199e-05,
wireless sensor nodes,wireless sensor node,ADJ+NOUN+NOUN,3,1,1,0.024691,False,rejected,-5.057717947232199e-05,
stationary sensor node,stationary sensor node,ADJ+NOUN+NOUN,3,1,1,0.024691,False,rejected,-5.057717947232199e-05,
dimensional node sequences,dimensional node sequence,ADJ+NOUN+NOUN,3,1,1,0.024691,False,rejected,-5.057717947232199e-05,
basic msp design,basic msp design,ADJ+NOUN+NOUN,3,1,1,0.024691,False,rejected,-5.057717947232199e-05,
precise event distribution,precise event distribution,ADJ+NOUN+NOUN,3,1,1,0.024691,False,rejected,-5.057717947232199e-05,
algorithmic mechanism design,algorithmic mechanism design,ADJ+NOUN+NOUN,3,1,1,0.024691,False,rejected,-5.057717947232199e-05,
dominant strategy implementations,dominant strategy implementation,ADJ+NOUN+NOUN,3,1,1,0.024691,False,rejected,-5.057717947232199e-05,
dominant strategy concept,dominant strategy concept,ADJ+NOUN+NOUN,3,1,1,0.024691,False,rejected,-5.057717947232199e-05,
intermittent network connectivity,intermittent network connectivity,ADJ+NOUN+NOUN,3,1,1,0.024691,False,rejected,-5.057717947232199e-05,
crucial design decision,crucial design decision,ADJ+NOUN+NOUN,3,1,1,0.024691,False,rejected,-5.057717947232199e-05,
pure software components,pure software component,ADJ+NOUN+NOUN,3,1,1,0.024691,False,rejected,-5.057717947232199e-05,
real world events,real world event,ADJ+NOUN+NOUN,3,1,1,0.024691,False,rejected,-5.057717947232199e-05,
generic event architecture,generic event architecture,ADJ+NOUN+NOUN,3,1,1,0.024691,False,rejected,-5.057717947232199e-05,
different communication channels,different communication channel,ADJ+NOUN+NOUN,3,1,1,0.024691,False,rejected,-5.057717947232199e-05,
predictable event dissemination,predictable event dissemination,ADJ+NOUN+NOUN,3,1,1,0.024691,False,rejected,-5.057717947232199e-05,
relative forecast accuracy,relative forecast accuracy,ADJ+NOUN+NOUN,3,1,1,0.024691,False,rejected,-5.057717947232199e-05,
subjective probability judgments,subjective probability judgment,ADJ+NOUN+NOUN,3,1,1,0.024691,False,rejected,-5.057717947232199e-05,
efficient pooling function,efficient pooling function,ADJ+NOUN+NOUN,3,1,1,0.024691,False,rejected,-5.057717947232199e-05,
linear aggregation functions,linear aggregation function,ADJ+NOUN+NOUN,3,1,1,0.024691,False,rejected,-5.057717947232199e-05,
aerial device projects,aerial device project,ADJ+NOUN+NOUN,3,1,1,0.024691,False,rejected,-5.057717947232199e-05,
useful preference elicitation,useful preference elicitation,ADJ+NOUN+NOUN,3,1,1,0.024691,False,rejected,-5.057717947232199e-05,
bilateral market mechanism,bilateral market mechanism,ADJ+NOUN+NOUN,3,1,1,0.024691,False,rejected,-5.057717947232199e-05,
certain network topologies,certain network topology,ADJ+NOUN+NOUN,3,1,1,0.024691,False,rejected,-5.057717947232199e-05,
linear inequality constraints,linear inequality constraint,ADJ+NOUN+NOUN,3,1,1,0.024691,False,rejected,-5.057717947232199e-05,
homogeneous sensor nodes,homogeneous sensor node,ADJ+NOUN+NOUN,3,1,1,0.024691,False,rejected,-5.057717947232199e-05,
different storage architecture,different storage architecture,ADJ+NOUN+NOUN,3,1,1,0.024691,False,rejected,-5.057717947232199e-05,
aware adaptive summarization,aware adaptive summarization,ADJ+NOUN+NOUN,3,1,1,0.024691,False,rejected,-5.057717947232199e-05,
efficient storage architecture,efficient storage architecture,ADJ+NOUN+NOUN,3,1,1,0.024691,False,rejected,-5.057717947232199e-05,
tier sensor networks,tier sensor network,ADJ+NOUN+NOUN,3,1,1,0.024691,False,rejected,-5.057717947232199e-05,
poor probability estimates,poor probability estimate,ADJ+NOUN+NOUN,3,1,1,0.024691,False,rejected,-5.057717947232199e-05,
high quality estimates,high quality estimate,ADJ+NOUN+NOUN,3,1,1,0.024691,False,rejected,-5.057717947232199e-05,
empirical score distribution,empirical score distribution,ADJ+NOUN+NOUN,3,1,1,0.024691,False,rejected,-5.057717947232199e-05,
unified utility framework,unified utility framework,ADJ+NOUN+NOUN,3,1,1,0.024691,False,rejected,-5.057717947232199e-05,
different effectiveness measures,different effectiveness measure,ADJ+NOUN+NOUN,3,1,1,0.024691,False,rejected,-5.057717947232199e-05,
real search engine,real search engine,ADJ+NOUN+NOUN,3,1,1,0.024691,False,rejected,-5.057717947232199e-05,
suitable proximity measures,suitable proximity measure,ADJ+NOUN+NOUN,3,1,1,0.024691,False,rejected,-5.057717947232199e-05,
crucial success factor,crucial success factor,ADJ+NOUN+NOUN,3,1,1,0.024691,False,rejected,-5.057717947232199e-05,
fixed budget resource,fixed budget resource,ADJ+NOUN+NOUN,3,1,1,0.024691,False,rejected,-5.057717947232199e-05,
additional control messages,additional control message,ADJ+NOUN+NOUN,3,1,1,0.024691,False,rejected,-5.057717947232199e-05,
new monitoring capability,new monitoring capability,ADJ+NOUN+NOUN,3,1,1,0.024691,False,rejected,-5.057717947232199e-05,
additional document features,additional document feature,ADJ+NOUN+NOUN,3,1,1,0.024691,False,rejected,-5.057717947232199e-05,
dimensional factor space,dimensional factor space,ADJ+NOUN+NOUN,3,1,1,0.024691,False,rejected,-5.057717947232199e-05,
vertical search engine,vertical search engine,ADJ+NOUN+NOUN,3,1,1,0.024691,False,rejected,-5.057717947232199e-05,
different web communities,different web community,ADJ+NOUN+NOUN,3,1,1,0.024691,False,rejected,-5.057717947232199e-05,
cumulative gain measurements,cumulative gain measurement,ADJ+NOUN+NOUN,3,1,1,0.024691,False,rejected,-5.057717947232199e-05,
certain web sites,certain web site,ADJ+NOUN+NOUN,3,1,1,0.024691,False,rejected,-5.057717947232199e-05,
implicit relevance feedback,implicit relevance feedback,ADJ+NOUN+NOUN,3,1,1,0.024691,False,rejected,-5.057717947232199e-05,
multidimensional range query,multidimensional range query,ADJ+NOUN+NOUN,3,1,1,0.024691,False,rejected,-5.057717947232199e-05,
dimensional range queries,dimensional range query,ADJ+NOUN+NOUN,3,1,1,0.024691,False,rejected,-5.057717947232199e-05,
synchronous communication paradigms,synchronous communication paradigm,ADJ+NOUN+NOUN,3,1,1,0.024691,False,rejected,-5.057717947232199e-05,
common voting rules,common voting rule,ADJ+NOUN+NOUN,3,1,1,0.024691,False,rejected,-5.057717947232199e-05,
deterministic communication protocol,deterministic communication protocol,ADJ+NOUN+NOUN,3,1,1,0.024691,False,rejected,-5.057717947232199e-05,
minimum support size,minimum support size,ADJ+NOUN+NOUN,3,1,1,0.024691,False,rejected,-5.057717947232199e-05,
particular procurement behavior,particular procurement behavior,ADJ+NOUN+NOUN,3,1,1,0.024691,False,rejected,-5.104645227155258e-05,
key design parameter,key design parameter,ADJ+NOUN+NOUN,3,1,1,0.024691,False,rejected,-5.104645227155258e-05,
reasonable parameter settings,reasonable parameter setting,ADJ+NOUN+NOUN,3,1,1,0.024691,False,rejected,-5.104645227155258e-05,
optimal mechanism parameter,optimal mechanism parameter,ADJ+NOUN+NOUN,3,1,1,0.024691,False,rejected,-5.104645227155258e-05,
better game playing,well game playing,ADJ+NOUN+NOUN,3,1,1,0.024691,False,rejected,-5.104645227155258e-05,
different actions events,different action event,ADJ+NOUN+NOUN,3,1,1,0.024691,False,rejected,-5.104645227155258e-05,
smoother game playing,smoother game playing,ADJ+NOUN+NOUN,3,1,1,0.024691,False,rejected,-5.104645227155258e-05,
opportunistic network setting,opportunistic network setting,ADJ+NOUN+NOUN,3,1,1,0.024691,False,rejected,-5.104645227155258e-05,
low delivery ratio,low delivery ratio,ADJ+NOUN+NOUN,3,1,1,0.024691,False,rejected,-5.104645227155258e-05,
high resource usage,high resource usage,ADJ+NOUN+NOUN,3,1,1,0.024691,False,rejected,-5.104645227155258e-05,
automated folder assignment,automated folder assignment,ADJ+NOUN+NOUN,3,1,1,0.024691,False,rejected,-5.104645227155258e-05,
enriched feature sets,enriched feature set,ADJ+NOUN+NOUN,3,1,1,0.024691,False,rejected,-5.104645227155258e-05,
complete search capability,complete search capability,ADJ+NOUN+NOUN,3,1,1,0.024691,False,rejected,-5.104645227155258e-05,
global pagerank estimates,global pagerank estimate,ADJ+NOUN+NOUN,3,1,1,0.024691,False,rejected,-5.104645227155258e-05,
lingual query suggestion,lingual query suggestion,ADJ+NOUN+NOUN,3,1,1,0.024691,False,rejected,-5.104645227155258e-05,
lingual keyword bidding,lingual keyword bidding,ADJ+NOUN+NOUN,3,1,1,0.024691,False,rejected,-5.104645227155258e-05,
lingual query similarity,lingual query similarity,ADJ+NOUN+NOUN,3,1,1,0.024691,False,rejected,-5.104645227155258e-05,
english clir tasks,english clir task,ADJ+NOUN+NOUN,3,1,1,0.024691,False,rejected,-5.104645227155258e-05,
traditional query translation,traditional query translation,ADJ+NOUN+NOUN,3,1,1,0.024691,False,rejected,-5.104645227155258e-05,
multiple criteria framework,multiple criterion framework,ADJ+NOUN+NOUN,3,1,1,0.024691,False,rejected,-5.104645227155258e-05,
different utility settings,different utility setting,ADJ+NOUN+NOUN,3,1,1,0.024691,False,rejected,-5.104645227155258e-05,
trec utility function,trec utility function,ADJ+NOUN+NOUN,3,1,1,0.024691,False,rejected,-5.104645227155258e-05,
corpus parameter optimization,corpus parameter optimization,ADJ+NOUN+NOUN,3,1,1,0.024691,False,rejected,-5.104645227155258e-05,
heterogeneous sensor fusion,heterogeneous sensor fusion,ADJ+NOUN+NOUN,3,1,1,0.024691,False,rejected,-5.104645227155258e-05,
unlimited supply auction,unlimited supply auction,ADJ+NOUN+NOUN,3,1,1,0.024691,False,rejected,-5.104645227155258e-05,
reciprocative decision function,reciprocative decision function,ADJ+NOUN+NOUN,3,1,1,0.024691,False,rejected,-5.104645227155258e-05,
centralized winner determination,centralized winner determination,ADJ+NOUN+NOUN,3,1,1,0.024691,False,rejected,-5.104645227155258e-05,
scalable aggregation trees,scalable aggregation tree,ADJ+NOUN+NOUN,3,1,1,0.024691,False,rejected,-5.104645227155258e-05,
evolutionary game theory,evolutionary game theory,ADJ+NOUN+NOUN,3,1,1,0.024691,False,rejected,-5.104645227155258e-05,
generalized ess definition,generalized ess definition,ADJ+NOUN+NOUN,3,1,1,0.024691,False,rejected,-5.104645227155258e-05,
real web search,real web search,ADJ+NOUN+NOUN,3,1,1,0.024691,False,rejected,-5.104645227155258e-05,
common web search,common web search,ADJ+NOUN+NOUN,3,1,1,0.024691,False,rejected,-5.104645227155258e-05,
large scale evaluation,large scale evaluation,ADJ+NOUN+NOUN,3,1,1,0.024691,False,rejected,-5.104645227155258e-05,
popular web search,popular web search,ADJ+NOUN+NOUN,3,1,1,0.024691,False,rejected,-5.104645227155258e-05,
competitive web search,competitive web search,ADJ+NOUN+NOUN,3,1,1,0.024691,False,rejected,-5.104645227155258e-05,
current prediction techniques,current prediction technique,ADJ+NOUN+NOUN,3,1,1,0.024691,False,rejected,-5.104645227155258e-05,
homogenous test collections,homogenous test collection,ADJ+NOUN+NOUN,3,1,1,0.024691,False,rejected,-5.104645227155258e-05,
novel query classifier,novel query classifier,ADJ+NOUN+NOUN,3,1,1,0.024691,False,rejected,-5.104645227155258e-05,
statistical language modeling,statistical language modeling,ADJ+NOUN+NOUN,3,1,1,0.024691,False,rejected,-5.104645227155258e-05,
sensitive document matching,sensitive document matching,ADJ+NOUN+NOUN,3,1,1,0.024691,False,rejected,-5.104645227155258e-05,
major web search,major web search,ADJ+NOUN+NOUN,3,1,1,0.024691,False,rejected,-5.104645227155258e-05,
generic web page,generic web page,ADJ+NOUN+NOUN,3,1,1,0.024691,False,rejected,-5.104645227155258e-05,
contextual ad matching,contextual ad matching,ADJ+NOUN+NOUN,3,1,1,0.024691,False,rejected,-5.104645227155258e-05,
sensitive retrieval algorithms,sensitive retrieval algorithm,ADJ+NOUN+NOUN,3,1,1,0.024691,False,rejected,-5.104645227155258e-05,
alternative repair solution,alternative repair solution,ADJ+NOUN+NOUN,3,1,1,0.024691,False,rejected,-5.104645227155258e-05,
super solutions framework,super solution framework,ADJ+NOUN+NOUN,3,1,1,0.024691,False,rejected,-5.104645227155258e-05,
motivated auction scenarios,motivated auction scenario,ADJ+NOUN+NOUN,3,1,1,0.024691,False,rejected,-5.1514741541691667e-05,
actual service provisioning,actual service provisioning,ADJ+NOUN+NOUN,3,1,1,0.024691,False,rejected,-5.1514741541691667e-05,
modern business scenarios,modern business scenario,ADJ+NOUN+NOUN,3,1,1,0.024691,False,rejected,-5.1514741541691667e-05,
multiple web service,multiple web service,ADJ+NOUN+NOUN,3,1,1,0.024691,False,rejected,-5.1514741541691667e-05,
multiple business process,multiple business process,ADJ+NOUN+NOUN,3,1,1,0.024691,False,rejected,-5.1514741541691667e-05,
nonlinear video editing,nonlinear video editing,ADJ+NOUN+NOUN,3,1,1,0.024691,False,rejected,-5.1514741541691667e-05,
digital video applications,digital video application,ADJ+NOUN+NOUN,3,1,1,0.024691,False,rejected,-5.1514741541691667e-05,
expensive unix workstations,expensive unix workstation,ADJ+NOUN+NOUN,3,1,1,0.024691,False,rejected,-5.1514741541691667e-05,
public computer laboratories,public computer laboratory,ADJ+NOUN+NOUN,3,1,1,0.024691,False,rejected,-5.1514741541691667e-05,
new technology deployment,new technology deployment,ADJ+NOUN+NOUN,3,1,1,0.024691,False,rejected,-5.1514741541691667e-05,
important solution concepts,important solution concept,ADJ+NOUN+NOUN,3,1,1,0.024691,False,rejected,-5.1514741541691667e-05,
higher preference prediction,high preference prediction,ADJ+NOUN+NOUN,3,1,1,0.024691,False,rejected,-5.1514741541691667e-05,
implicit feedback interpretation,implicit feedback interpretation,ADJ+NOUN+NOUN,3,1,1,0.024691,False,rejected,-5.1514741541691667e-05,
main expertise retrieval,main expertise retrieval,ADJ+NOUN+NOUN,3,1,1,0.024691,False,rejected,-5.1514741541691667e-05,
generative language modeling,generative language modeling,ADJ+NOUN+NOUN,3,1,1,0.024691,False,rejected,-5.1514741541691667e-05,
continuous speech recognition,continuous speech recognition,ADJ+NOUN+NOUN,3,1,1,0.024691,False,rejected,-5.1514741541691667e-05,
current traffic volume,current traffic volume,ADJ+NOUN+NOUN,3,1,1,0.024691,False,rejected,-5.1514741541691667e-05,
heavy traffic volume,heavy traffic volume,ADJ+NOUN+NOUN,3,1,1,0.024691,False,rejected,-5.1514741541691667e-05,
different interaction protocols,different interaction protocol,ADJ+NOUN+NOUN,3,1,1,0.024691,False,rejected,-5.1514741541691667e-05,
interested car owners,interested car owner,ADJ+NOUN+NOUN,3,1,1,0.024691,False,rejected,-5.1514741541691667e-05,
real transportation network,real transportation network,ADJ+NOUN+NOUN,3,1,1,0.024691,False,rejected,-5.1514741541691667e-05,
sided multiattribute auctions,sided multiattribute auction,ADJ+NOUN+NOUN,3,1,1,0.024691,False,rejected,-5.1514741541691667e-05,
optimal pairwise trades,optimal pairwise trade,ADJ+NOUN+NOUN,3,1,1,0.024691,False,rejected,-5.1514741541691667e-05,
stochastic resource allocation,stochastic resource allocation,ADJ+NOUN+NOUN,3,1,1,0.024691,False,rejected,-5.1514741541691667e-05,
complex resource management,complex resource management,ADJ+NOUN+NOUN,3,1,1,0.024691,False,rejected,-5.1514741541691667e-05,
optimal resource scheduling,optimal resource scheduling,ADJ+NOUN+NOUN,3,1,1,0.024691,False,rejected,-5.1514741541691667e-05,
combinatorial resource scheduling,combinatorial resource scheduling,ADJ+NOUN+NOUN,3,1,1,0.024691,False,rejected,-5.1514741541691667e-05,
optimal resource assignments,optimal resource assignment,ADJ+NOUN+NOUN,3,1,1,0.024691,False,rejected,-5.1514741541691667e-05,
current intimacy level,current intimacy level,ADJ+NOUN+NOUN,3,1,1,0.024691,False,rejected,-5.1514741541691667e-05,
successive negotiation balances,successive negotiation balance,ADJ+NOUN+NOUN,3,1,1,0.024691,False,rejected,-5.1514741541691667e-05,
traditional game theory,traditional game theory,ADJ+NOUN+NOUN,3,1,1,0.024691,False,rejected,-5.1514741541691667e-05,
socratic game theory,socratic game theory,ADJ+NOUN+NOUN,3,1,1,0.024691,False,rejected,-5.1514741541691667e-05,
priori probability distribution,priori probability distribution,ADJ+NOUN+NOUN,3,1,1,0.024691,False,rejected,-5.1514741541691667e-05,
different utility function,different utility function,ADJ+NOUN+NOUN,3,1,1,0.024691,False,rejected,-5.1514741541691667e-05,
different similarity metrics,different similarity metric,ADJ+NOUN+NOUN,3,1,1,0.024691,False,rejected,-5.1514741541691667e-05,
extensive form game,extensive form game,ADJ+NOUN+NOUN,3,1,1,0.024691,False,rejected,-5.1514741541691667e-05,
computational game theory,computational game theory,ADJ+NOUN+NOUN,3,1,1,0.024691,False,rejected,-5.1514741541691667e-05,
isomorphic abstraction transformation,isomorphic abstraction transformation,ADJ+NOUN+NOUN,3,1,1,0.024691,False,rejected,-5.1514741541691667e-05,
largest poker game,large poker game,ADJ+NOUN+NOUN,3,1,1,0.024691,False,rejected,-5.1514741541691667e-05,
electronic commerce applications,electronic commerce application,ADJ+NOUN+NOUN,3,1,1,0.024691,False,rejected,-5.1514741541691667e-05,
adversarial multiagent domains,adversarial multiagent domain,ADJ+NOUN+NOUN,3,1,1,0.024691,False,rejected,-5.1514741541691667e-05,
multiagent security domains,multiagent security domain,ADJ+NOUN+NOUN,3,1,1,0.024691,False,rejected,-5.1514741541691667e-05,
optimal strategy selection,optimal strategy selection,ADJ+NOUN+NOUN,3,1,1,0.024691,False,rejected,-5.1514741541691667e-05,
complete ontology building,complete ontology building,ADJ+NOUN+NOUN,3,1,1,0.024691,False,rejected,-5.1514741541691667e-05,
semantic alignment procedure,semantic alignment procedure,ADJ+NOUN+NOUN,3,1,1,0.024691,False,rejected,-5.1514741541691667e-05,
dynamic influence diagrams,dynamic influence diagram,ADJ+NOUN+NOUN,3,1,1,0.024691,False,rejected,-5.1514741541691667e-05,
modern equity markets,modern equity market,ADJ+NOUN+NOUN,3,1,1,0.024691,False,rejected,-5.1514741541691667e-05,
current order book,current order book,ADJ+NOUN+NOUN,3,1,1,0.024691,False,rejected,-5.1514741541691667e-05,
strong stability properties,strong stability property,ADJ+NOUN+NOUN,3,1,1,0.024691,False,rejected,-5.1514741541691667e-05,
solar energy harvesting platform,solar energy harvesting platform,ADJ+NOUN+NOUN+NOUN,4,1,1,0.033333,False,rejected,-5.1514741541691667e-05,
crucial browser helper applications,crucial browser helper application,ADJ+NOUN+NOUN+NOUN,4,1,1,0.033333,False,rejected,-5.198204955865482e-05,
individual decision making process,individual decision making process,ADJ+NOUN+NOUN+NOUN,4,1,1,0.033333,False,rejected,-5.198204955865482e-05,
effective adaptive resource management,effective adaptive resource management,ADJ+NOUN+NOUN+NOUN,4,1,1,0.033333,False,rejected,-5.198204955865482e-05,
hybrid adaptive resourcemanagement middleware,hybrid adaptive resourcemanagement middleware,ADJ+NOUN+NOUN+NOUN,4,1,1,0.033333,False,rejected,-5.198204955865482e-05,
sophisticated impedance coupling strategy,sophisticated impedance coupling strategy,ADJ+NOUN+NOUN+NOUN,4,1,1,0.033333,False,rejected,-5.198204955865482e-05,
stationary sensor node localization,stationary sensor node localization,ADJ+NOUN+NOUN+NOUN,4,1,1,0.033333,False,rejected,-5.198204955865482e-05,
generic event architecture gear,generic event architecture gear,ADJ+NOUN+NOUN+NOUN,4,1,1,0.033333,False,rejected,-5.198204955865482e-05,
wireless sensor network localization,wireless sensor network localization,ADJ+NOUN+NOUN+NOUN,4,1,1,0.033333,False,rejected,-5.198204955865482e-05,
aerial device projects light,aerial device project light,ADJ+NOUN+NOUN+NOUN,4,1,1,0.033333,False,rejected,-5.198204955865482e-05,
real search engine queries,real search engine query,ADJ+NOUN+NOUN+NOUN,4,1,1,0.033333,False,rejected,-5.198204955865482e-05,
fixed budget resource allocation,fixed budget resource allocation,ADJ+NOUN+NOUN+NOUN,4,1,1,0.033333,False,rejected,-5.198204955865482e-05,
optimal mechanism parameter setting,optimal mechanism parameter setting,ADJ+NOUN+NOUN+NOUN,4,1,1,0.033333,False,rejected,-5.198204955865482e-05,
better game playing experience,well game playing experience,ADJ+NOUN+NOUN+NOUN,4,1,1,0.033333,False,rejected,-5.198204955865482e-05,
smoother game playing experience,smoother game playing experience,ADJ+NOUN+NOUN+NOUN,4,1,1,0.033333,False,rejected,-5.198204955865482e-05,
real web search setting,real web search setting,ADJ+NOUN+NOUN+NOUN,4,1,1,0.033333,False,rejected,-5.198204955865482e-05,
common web search features,common web search feature,ADJ+NOUN+NOUN+NOUN,4,1,1,0.033333,False,rejected,-5.198204955865482e-05,
popular web search engine,popular web search engine,ADJ+NOUN+NOUN+NOUN,4,1,1,0.033333,False,rejected,-5.198204955865482e-05,
major web search engine,major web search engine,ADJ+NOUN+NOUN+NOUN,4,1,1,0.033333,False,rejected,-5.198204955865482e-05,
multiple web service providers,multiple web service provider,ADJ+NOUN+NOUN+NOUN,4,1,1,0.033333,False,rejected,-5.198204955865482e-05,
higher preference prediction accuracy,high preference prediction accuracy,ADJ+NOUN+NOUN+NOUN,4,1,1,0.033333,False,rejected,-5.198204955865482e-05,
main expertise retrieval tasks,main expertise retrieval task,ADJ+NOUN+NOUN+NOUN,4,1,1,0.033333,False,rejected,-5.198204955865482e-05,
continuous speech recognition tools,continuous speech recognition tool,ADJ+NOUN+NOUN+NOUN,4,1,1,0.033333,False,rejected,-5.198204955865482e-05,
complete ontology building solution,complete ontology building solution,ADJ+NOUN+NOUN+NOUN,4,1,1,0.033333,False,rejected,-5.198204955865482e-05,
observable markov decision processes,observable markov decision process,ADJ+NOUN+NOUN+NOUN,4,1,1,0.033333,False,rejected,-5.198204955865482e-05,
current order book state,current order book state,ADJ+NOUN+NOUN+NOUN,4,1,1,0.033333,False,rejected,-5.198204955865482e-05,
